snapshot,uf,municipalities,uf_valid_votes,sum_municipal_valid_votes,diff_valid_votes,max_candidate_abs_diff,status
20261005T104314Z,AC,22,469066,469066,0,0,ok
20261005T104314Z,AL,102,1818856,1818856,0,0,ok
20261005T104314Z,AM,62,2170763,2170763,0,0,ok
20261005T104314Z,AP,16,464858,464858,0,0,ok
20261005T104314Z,BA,417,8560291,8559047,1244,967,divergencia
20261005T104314Z,CE,184,5617814,5617814,0,0,ok
20261005T104314Z,DF,1,1772808,1772808,0,0,ok
20261005T104314Z,ES,78,2251078,2251078,0,0,ok
20261005T104314Z,GO,246,3827823,3827823,0,0,ok
20261005T104314Z,MA,217,4010439,4010439,0,0,ok
20261005T104314Z,MG,853,11976235,11968327,7908,4898,divergencia
20261005T104314Z,MS,79,1490278,1490278,0,0,ok
20261005T104314Z,MT,142,1993288,1993288,0,0,ok
20261005T104314Z,PA,144,4863172,4863172,0,0,ok
20261005T104314Z,PB,223,2513747,2513747,0,0,ok
20261005T104314Z,PE,185,5601017,5601017,0,0,ok
20261005T104314Z,PI,224,2146394,2146394,0,0,ok
20261005T104314Z,PR,399,6585243,6585243,0,0,ok
20261005T104314Z,RJ,92,9369700,9369700,0,0,ok
20261005T104314Z,RN,167,2071898,2071898,0,0,ok
20261005T104314Z,RO,52,968059,968059,0,0,ok
20261005T104314Z,RR,15,325545,325545,0,0,ok
20261005T104314Z,RS,497,6423046,6423046,0,0,ok
20261005T104314Z,SC,295,4500897,4500897,0,0,ok
20261005T104314Z,SE,75,1364196,1364196,0,0,ok
20261005T104314Z,SP,645,24882948,24882948,0,0,ok
20261005T104314Z,TO,139,930447,930447,0,0,ok
20261005T104314Z,ZZ,186,330882,330882,0,0,ok
