snapshot,uf,municipality_code,st,ts,missing_sections,pst,dt,ht,path
20261005T104314Z,BA,33693,54,58,4,93.103448276,04/10/2026,20:59:55,data\forensics\runs\20261005T104314Z\live\municipio\ba\33693.json
20261005T104314Z,BA,34673,186,187,1,99.465240642,04/10/2026,21:00:07,data\forensics\runs\20261005T104314Z\live\municipio\ba\34673.json
20261005T104314Z,BA,36013,39,40,1,97.5,04/10/2026,20:59:48,data\forensics\runs\20261005T104314Z\live\municipio\ba\36013.json
20261005T104314Z,MG,40622,12,16,4,75.0,04/10/2026,20:57:03,data\forensics\runs\20261005T104314Z\live\municipio\mg\40622.json
20261005T104314Z,MG,41556,38,41,3,92.682926829,04/10/2026,20:52:48,data\forensics\runs\20261005T104314Z\live\municipio\mg\41556.json
20261005T104314Z,MG,41696,10,19,9,52.631578947,04/10/2026,21:00:32,data\forensics\runs\20261005T104314Z\live\municipio\mg\41696.json
20261005T104314Z,MG,42005,12,19,7,63.157894737,04/10/2026,20:59:54,data\forensics\runs\20261005T104314Z\live\municipio\mg\42005.json
20261005T104314Z,MG,46078,15,16,1,93.75,04/10/2026,20:59:43,data\forensics\runs\20261005T104314Z\live\municipio\mg\46078.json
20261005T104314Z,MG,47198,34,40,6,85.0,04/10/2026,20:56:18,data\forensics\runs\20261005T104314Z\live\municipio\mg\47198.json
20261005T104314Z,MG,51977,46,47,1,97.872340426,04/10/2026,21:00:26,data\forensics\runs\20261005T104314Z\live\municipio\mg\51977.json
20261005T104314Z,MG,53171,12,17,5,70.588235294,04/10/2026,20:59:43,data\forensics\runs\20261005T104314Z\live\municipio\mg\53171.json
