snapshot,snapshot_label,uf,pst,flavio_pct,lula_pct,leader,historical_margin_flavio_minus_lula_approx,projected_remaining_net_flavio_minus_lula,projected_remaining_valid_votes,final_margin_flavio_minus_lula_exact,actual_remaining_net_to_final_approx,projection_error_actual_minus_projected
s1906,19:06,AC,93.92,64.8,28.5,Flavio,159000,10000,28000,168037,9037,-963
s1906,19:06,AL,39.37,38.5,56.9,Lula,-121000,-186000,1010000,-259741,-138741,47259
s1906,19:06,AM,74.71,48.2,44.4,Flavio,61000,21000,551000,-70232,-131232,-152232
s1906,19:06,AP,70.79,44.5,47.0,Lula,-8000,-3000,126000,-225,7775,10775
s1906,19:06,BA,51.05,29.6,64.7,Lula,-1468000,-1408000,4007000,-3222186,-1754186,-346186
s1906,19:06,CE,49.51,32.9,61.3,Lula,-773000,-788000,2780000,-1798413,-1025413,-237413
s1906,19:06,DF,99.01,51.3,38.1,Flavio,230000,2000,18000,233989,3989,1989
s1906,19:06,ES,95.16,55.2,37.4,Flavio,379000,19000,108000,383166,4166,-14834
s1906,19:06,GO,81.07,54.5,30.2,Flavio,749000,175000,719000,863008,114008,-60992
s1906,19:06,MA,61.52,32.2,62.5,Lula,-719000,-449000,1487000,-1327261,-608261,-159261
s1906,19:06,MG,62.28,49.1,42.1,Flavio,528000,320000,4527000,588612,60612,-259388
s1906,19:06,MS,96.97,59.1,34.1,Flavio,361000,11000,45000,356496,-4504,-15504
s1906,19:06,MT,88.56,65.6,28.6,Flavio,652000,84000,227000,716900,64900,-19100
s1906,19:06,PA,70.54,45.8,48.2,Lula,-83000,-35000,1418000,-263280,-180280,-145280
s1906,19:06,PB,93.02,33.3,61.0,Lula,-645000,-48000,175000,-709750,-64750,-16750
s1906,19:06,PE,57.29,32.2,62.1,Lula,-917000,-683000,2285000,-1815928,-898928,-215928
s1906,19:06,PI,73.47,25.0,69.8,Lula,-701000,-253000,565000,-1006682,-305682,-52682
s1906,19:06,PR,97.25,60.0,31.0,Flavio,1856000,52000,181000,1890748,34748,-17252
s1906,19:06,RJ,52.85,53.5,39.0,Flavio,677000,604000,4164000,1273823,596823,-7177
s1906,19:06,RN,65.95,34.6,59.9,Lula,-333000,-172000,682000,-517470,-184470,-12470
s1906,19:06,RO,93.04,67.1,26.2,Flavio,368000,28000,67000,402321,34321,6321
s1906,19:06,RR,93.09,71.4,22.5,Flavio,147000,11000,22000,156902,9902,-1098
s1906,19:06,RS,89.95,55.5,35.9,Flavio,1134000,127000,648000,1279024,145024,18024
s1906,19:06,SC,81.12,66.4,25.2,Flavio,1500000,349000,847000,1872852,372852,23852
s1906,19:06,SE,80.52,31.6,61.7,Lula,-323000,-78000,259000,-438180,-115180,-37180
s1906,19:06,SP,73.96,52.7,37.5,Flavio,2760000,972000,6418000,3416610,656610,-315390
s1906,19:06,TO,96.28,50.3,43.6,Flavio,60000,2000,35000,65312,5312,3312
s1906,19:06,ZZ,63.51,38.5,52.0,Lula,-30000,-17000,128000,-13487,16513,33513
s1932,19:32,AC,98.06,64.6,28.7,Flavio,165000,3000,9000,168037,3037,37
s1932,19:32,AL,57.01,38.5,57.0,Lula,-179000,-135000,733000,-259741,-80741,54259
s1932,19:32,AM,85.02,47.2,45.6,Flavio,28000,5000,325000,-70232,-98232,-103232
s1932,19:32,AP,83.59,45.1,46.3,Lula,-5000,-1000,73000,-225,4775,5775
s1932,19:32,BA,67.1,29.5,64.9,Lula,-1980000,-971000,2741000,-3222186,-1242186,-271186
s1932,19:32,CE,68.44,32.5,61.7,Lula,-1118000,-516000,1768000,-1798413,-680413,-164413
s1932,19:32,DF,99.51,51.3,38.1,Flavio,232000,1000,9000,233989,1989,989
s1932,19:32,ES,99.27,54.9,37.7,Flavio,384000,3000,16000,383166,-834,-3834
s1932,19:32,GO,91.28,54.0,30.6,Flavio,816000,78000,333000,863008,47008,-30992
s1932,19:32,MA,75.49,32.2,62.6,Lula,-902000,-293000,964000,-1327261,-425261,-132261
s1932,19:32,MG,81.13,48.9,42.5,Flavio,626000,146000,2260000,588612,-37388,-183388
s1932,19:32,MS,99.28,58.7,34.5,Flavio,359000,3000,11000,356496,-2504,-5504
s1932,19:32,MT,95.75,65.4,28.9,Flavio,695000,31000,85000,716900,21900,-9100
s1932,19:32,PA,83.2,45.8,48.3,Lula,-99000,-20000,813000,-263280,-164280,-144280
s1932,19:32,PB,97.75,33.2,61.2,Lula,-688000,-16000,56000,-709750,-21750,-5750
s1932,19:32,PE,75.06,31.8,62.5,Lula,-1263000,-420000,1367000,-1815928,-552928,-132928
s1932,19:32,PI,84.52,24.6,70.3,Lula,-826000,-151000,331000,-1006682,-180682,-29682
s1932,19:32,PR,99.17,60.0,31.1,Flavio,1882000,16000,55000,1890748,8748,-7252
s1932,19:32,RJ,73.47,53.4,39.1,Flavio,950000,343000,2406000,1273823,323823,-19177
s1932,19:32,RN,83.56,34.8,59.7,Lula,-426000,-84000,336000,-517470,-91470,-7470
s1932,19:32,RO,98.08,67.4,26.0,Flavio,393000,8000,19000,402321,9321,1321
s1932,19:32,RR,98.16,71.5,22.4,Flavio,157000,3000,6000,156902,-98,-3098
s1932,19:32,RS,97.41,55.6,35.8,Flavio,1243000,33000,167000,1279024,36024,3024
s1932,19:32,SC,93.84,66.6,25.1,Flavio,1750000,115000,277000,1872852,122852,7852
s1932,19:32,SE,93.01,31.1,62.1,Lula,-389000,-29000,94000,-438180,-49180,-20180
s1932,19:32,SP,90.05,52.2,38.0,Flavio,3168000,350000,2469000,3416610,248610,-101390
s1932,19:32,TO,98.81,50.4,43.5,Flavio,63000,1000,11000,65312,2312,1312
s1932,19:32,ZZ,68.32,39.5,51.1,Lula,-28000,-13000,112000,-13487,14513,27513
s2047,20:47,AC,99.91,64.5,28.7,Flavio,168000,0,0,168037,37,37
s2047,20:47,AL,78.24,39.7,55.6,Lula,-219000,-61000,384000,-259741,-40741,20259
s2047,20:47,AM,93.33,46.1,46.9,Lula,-18000,-1000,145000,-70232,-52232,-51232
s2047,20:47,AP,95.66,45.6,45.8,Lula,-1000,0,20000,-225,775,775
s2047,20:47,BA,81.39,29.2,65.3,Lula,-2486000,-568000,1572000,-3222186,-736186,-168186
s2047,20:47,CE,84.39,32.1,62.3,Lula,-1434000,-265000,880000,-1798413,-364413,-99413
s2047,20:47,DF,100.0,51.3,38.1,Flavio,234000,0,0,233989,-11,-11
s2047,20:47,ES,99.83,54.8,37.8,Flavio,382000,1000,4000,383166,1166,166
s2047,20:47,GO,97.47,53.8,30.9,Flavio,855000,22000,97000,863008,8008,-13992
s2047,20:47,MA,88.19,31.6,63.2,Lula,-1108000,-148000,471000,-1327261,-219261,-71261
s2047,20:47,MG,90.26,48.7,42.7,Flavio,658000,71000,1168000,588612,-69388,-140388
s2047,20:47,MS,99.94,58.6,34.7,Flavio,357000,0,1000,356496,-504,-504
s2047,20:47,MT,98.82,65.3,29.1,Flavio,713000,9000,24000,716900,3900,-5100
s2047,20:47,PA,91.44,45.5,48.7,Lula,-144000,-13000,416000,-263280,-119280,-106280
s2047,20:47,PB,99.26,33.1,61.3,Lula,-702000,-5000,19000,-709750,-7750,-2750
s2047,20:47,PE,91.16,31.5,63.0,Lula,-1599000,-155000,492000,-1815928,-216928,-61928
s2047,20:47,PI,93.09,24.4,70.6,Lula,-924000,-69000,148000,-1006682,-82682,-13682
s2047,20:47,PR,99.78,59.9,31.2,Flavio,1889000,4000,14000,1890748,1748,-2252
s2047,20:47,RJ,88.22,53.3,39.2,Flavio,1147000,153000,1089000,1273823,126823,-26177
s2047,20:47,RN,94.15,34.7,59.7,Lula,-486000,-30000,121000,-517470,-31470,-1470
s2047,20:47,RO,99.96,67.5,25.9,Flavio,402000,0,0,402321,321,321
s2047,20:47,RR,99.61,71.2,22.7,Flavio,157000,1000,1000,156902,-98,-1098
s2047,20:47,RS,99.45,55.7,35.7,Flavio,1276000,7000,35000,1279024,3024,-3976
s2047,20:47,SC,99.02,66.7,25.0,Flavio,1856000,18000,44000,1872852,16852,-1148
s2047,20:47,SE,97.3,30.8,62.5,Lula,-419000,-12000,37000,-438180,-19180,-7180
s2047,20:47,SP,96.65,52.0,38.2,Flavio,3317000,115000,832000,3416610,99610,-15390
s2047,20:47,TO,99.98,50.4,43.4,Flavio,65000,0,0,65312,312,312
s2047,20:47,ZZ,78.76,40.9,49.8,Lula,-24000,-6000,72000,-13487,10513,16513
