uf,baseline_1906_flavio_pct,baseline_1906_lula_pct,baseline_1906_lula_minus_flavio_pp,baseline_leader,w1_freeze_events,w1_freeze_total_min,w1_freeze_longest_min,w2_freeze_events,w2_freeze_total_min,w2_freeze_longest_min,progress_pst_1832_1906,swing_lula_minus_flavio_1832_1906_pp,delta_lula_1832_1906_pp,delta_flavio_1832_1906_pp,progress_pst_1906_1932,swing_lula_minus_flavio_1906_1932_pp,delta_lula_1906_1932_pp,delta_flavio_1906_1932_pp,progress_pst_1932_2047,swing_lula_minus_flavio_1932_2047_pp,delta_lula_1932_2047_pp,delta_flavio_1932_2047_pp
AC,64.8,28.5,-36.3,Flavio,0,0,0.0,2,13.399999999999999,12.666666666666666,12.64,-0.4999999999999929,-0.10000000000000142,0.3999999999999915,4.140000000000001,0.4000000000000057,0.1999999999999993,-0.20000000000000284,1.8499999999999943,0.09999999999999432,0.0,-0.09999999999999432
AL,38.5,56.9,18.4,Lula,0,0,0.0,2,9.85,9.133333333333333,20.299999999999997,-2.6999999999999957,-1.3999999999999986,1.2999999999999972,17.64,0.10000000000000142,0.10000000000000142,0.0,21.229999999999997,-2.6000000000000014,-1.3999999999999986,1.2000000000000028
AM,48.2,44.4,-3.8000000000000043,Flavio,0,0,0.0,2,16.2,15.483333333333333,19.169999999999995,3.1999999999999957,1.7999999999999972,-1.3999999999999986,10.310000000000002,2.200000000000003,1.2000000000000028,-1.0,8.310000000000002,2.3999999999999986,1.2999999999999972,-1.1000000000000014
AP,44.5,47.0,2.5,Lula,0,0,0.0,2,10.35,9.616666666666667,24.450000000000003,-3.1999999999999957,-1.7999999999999972,1.3999999999999986,12.799999999999997,-1.3000000000000043,-0.7000000000000028,0.6000000000000014,12.069999999999993,-1.0,-0.5,0.5
BA,29.6,64.7,35.1,Lula,0,0,0.0,2,9.716666666666667,9.166666666666666,24.769999999999996,0.7000000000000028,0.4000000000000057,-0.29999999999999716,16.049999999999997,0.30000000000000426,0.20000000000000284,-0.10000000000000142,14.290000000000006,0.6999999999999886,0.3999999999999915,-0.3000000000000007
CE,32.9,61.3,28.4,Lula,0,0,0.0,2,9.799999999999999,9.133333333333333,23.99,0.9999999999999929,0.5999999999999943,-0.3999999999999986,18.93,0.8000000000000043,0.4000000000000057,-0.3999999999999986,15.950000000000003,0.9999999999999929,0.5999999999999943,-0.3999999999999986
DF,51.3,38.1,-13.199999999999996,Flavio,0,0,0.0,2,10.35,9.616666666666667,4.1000000000000085,-0.19999999999999574,-0.10000000000000142,0.09999999999999432,0.5,0.0,0.0,0.0,0.4899999999999949,0.0,0.0,0.0
ES,55.2,37.4,-17.800000000000004,Flavio,0,0,0.0,2,10.316666666666666,9.6,12.219999999999999,1.0,0.5,-0.5,4.109999999999999,0.6000000000000085,0.30000000000000426,-0.30000000000000426,0.5600000000000023,0.19999999999999574,0.09999999999999432,-0.10000000000000142
GO,54.5,30.2,-24.3,Flavio,0,0,0.0,2,9.75,9.1,27.39999999999999,2.0,0.8999999999999986,-1.1000000000000014,10.210000000000008,0.9000000000000021,0.40000000000000213,-0.5,6.189999999999998,0.5,0.29999999999999716,-0.20000000000000284
MA,32.2,62.5,30.299999999999997,Lula,0,0,0.0,2,9.766666666666667,9.116666666666667,25.28,2.299999999999997,1.2000000000000028,-1.0999999999999943,13.969999999999992,0.10000000000000142,0.10000000000000142,0.0,12.700000000000003,1.2000000000000028,0.6000000000000014,-0.6000000000000014
MG,49.1,42.1,-7.0,Flavio,0,0,0.0,2,9.566666666666666,9.2,25.08,0.7999999999999972,0.3999999999999986,-0.3999999999999986,18.849999999999994,0.6000000000000014,0.3999999999999986,-0.20000000000000284,9.13000000000001,0.3999999999999986,0.20000000000000284,-0.19999999999999574
MS,59.1,34.1,-25.0,Flavio,0,0,0.0,2,10.316666666666666,9.6,7.679999999999993,0.7999999999999972,0.5,-0.29999999999999716,2.3100000000000023,0.7999999999999972,0.3999999999999986,-0.3999999999999986,0.6599999999999966,0.30000000000000426,0.20000000000000284,-0.10000000000000142
MT,65.6,28.6,-36.99999999999999,Flavio,0,0,0.0,2,10.283333333333333,9.6,20.86,0.20000000000000284,0.20000000000000284,0.0,7.189999999999998,0.4999999999999858,0.29999999999999716,-0.19999999999998863,3.069999999999993,0.30000000000001137,0.20000000000000284,-0.10000000000000853
PA,45.8,48.2,2.4000000000000057,Lula,0,0,0.0,2,9.75,9.1,20.520000000000003,0.8000000000000043,0.6000000000000014,-0.20000000000000284,12.659999999999997,0.09999999999999432,0.09999999999999432,0.0,8.239999999999995,0.7000000000000028,0.4000000000000057,-0.29999999999999716
PB,33.3,61.0,27.700000000000003,Lula,0,0,0.0,2,10.25,9.6,15.58999999999999,0.5,0.29999999999999716,-0.20000000000000284,4.730000000000004,0.29999999999999716,0.20000000000000284,-0.09999999999999432,1.5100000000000051,0.19999999999999574,0.09999999999999432,-0.10000000000000142
PE,32.2,62.1,29.9,Lula,0,0,0.0,2,10.283333333333333,9.616666666666667,24.89,1.6999999999999957,0.8999999999999986,-0.7999999999999972,17.770000000000003,0.8000000000000007,0.3999999999999986,-0.40000000000000213,16.099999999999994,0.8000000000000007,0.5,-0.3000000000000007
PI,25.0,69.8,44.8,Lula,0,0,0.0,2,10.25,9.583333333333334,22.43,2.0999999999999943,1.0999999999999943,-1.0,11.049999999999997,0.8999999999999986,0.5,-0.3999999999999986,8.570000000000007,0.5,0.29999999999999716,-0.20000000000000284
PR,60.0,31.0,-29.0,Flavio,0,0,0.0,2,11.05,10.5,13.879999999999995,0.20000000000000284,0.10000000000000142,-0.10000000000000142,1.9200000000000017,0.10000000000000142,0.10000000000000142,0.0,0.6099999999999994,0.1999999999999993,0.09999999999999787,-0.10000000000000142
RJ,53.5,39.0,-14.5,Flavio,0,0,0.0,2,10.266666666666666,9.6,28.8,-0.4000000000000057,-0.20000000000000284,0.20000000000000284,20.619999999999997,0.20000000000000284,0.10000000000000142,-0.10000000000000142,14.75,0.20000000000000284,0.10000000000000142,-0.10000000000000142
RN,34.6,59.9,25.299999999999997,Lula,0,0,0.0,2,9.816666666666666,9.133333333333333,23.970000000000006,-1.0,-0.5,0.5,17.61,-0.3999999999999915,-0.19999999999999574,0.19999999999999574,10.590000000000003,0.09999999999999432,0.0,-0.09999999999999432
RO,67.1,26.2,-40.89999999999999,Flavio,0,0,0.0,2,10.316666666666666,9.583333333333334,20.690000000000012,-1.3999999999999915,-0.6000000000000014,0.7999999999999972,5.039999999999992,-0.5000000000000142,-0.1999999999999993,0.30000000000001137,1.8799999999999955,-0.19999999999999574,-0.10000000000000142,0.09999999999999432
RR,71.4,22.5,-48.900000000000006,Flavio,0,0,0.0,2,10.333333333333332,9.6,41.540000000000006,-1.8000000000000114,-1.1999999999999993,0.6000000000000085,5.069999999999993,-0.19999999999999574,-0.10000000000000142,0.09999999999999432,1.4500000000000028,0.6000000000000014,0.3000000000000007,-0.29999999999999716
RS,55.5,35.9,-19.6,Flavio,0,0,0.0,2,10.966666666666665,10.483333333333333,24.810000000000002,0.8999999999999986,0.5,-0.3999999999999986,7.459999999999994,-0.20000000000000284,-0.10000000000000142,0.10000000000000142,2.0400000000000063,-0.19999999999999574,-0.09999999999999432,0.10000000000000142
SC,66.4,25.2,-41.2,Flavio,0,0,0.0,2,10.233333333333333,9.6,37.38,-3.200000000000003,-1.5,1.7000000000000028,12.719999999999999,-0.29999999999999005,-0.09999999999999787,0.19999999999998863,5.179999999999993,-0.20000000000000995,-0.10000000000000142,0.10000000000000853
SE,31.6,61.7,30.1,Lula,0,0,0.0,2,9.883333333333333,9.166666666666666,33.24999999999999,2.6000000000000014,1.4000000000000057,-1.1999999999999957,12.490000000000009,0.8999999999999986,0.3999999999999986,-0.5,4.289999999999992,0.6999999999999993,0.3999999999999986,-0.3000000000000007
SP,52.7,37.5,-15.200000000000003,Flavio,1,0.31666666666666665,0.31666666666666665,2,12.25,11.933333333333334,35.8,2.8999999999999986,1.3999999999999986,-1.5,16.090000000000003,1.0,0.5,-0.5,6.6000000000000085,0.4000000000000057,0.20000000000000284,-0.20000000000000284
TO,50.3,43.6,-6.699999999999996,Flavio,0,0,0.0,2,10.283333333333333,9.583333333333334,8.439999999999998,0.6000000000000085,0.30000000000000426,-0.30000000000000426,2.530000000000001,-0.20000000000000284,-0.10000000000000142,0.10000000000000142,1.1700000000000017,-0.10000000000000142,-0.10000000000000142,0.0
