uf,candidate,full_name,number,party,votes
AC,MARCIO BITTAR,MARCIO MIGUEL BITTAR,222,PL,223972
AM,CAPITÃO ALBERTO NETO,ALBERTO BARROS CAVALCANTE NETO,222,PL,909155
BA,JOÃO ROMA,JOÃO INÁCIO RIBEIRO ROMA NETO,222,PL,2879443
CE,ALCIDES FERNANDES,ALCIDES FERNANDES DA SILVA,222,PL,1776782
DF,MICHELLE BOLSONARO,MICHELLE DE PAULA FIRMO REINALDO BOLSONARO,222,PL,938496
DF,BIA KICIS,BEATRIZ KICIS TORRENTS DE SORDI,223,PL,886616
ES,MAGUINHA MALTA,MAGDA SANTOS MALTA,222,PL,761722
GO,GUSTAVO GAYER,GUSTAVO GAYER MACHADO DE ARAUJO,222,PL,1639247
GO,OSÉIAS VARÃO,OSEIAS MENDES PEREIRA VARÃO,227,PL,676930
MA,CIDÔNIO GONÇALVES,CIDONIO GONCALVES DOS SANTOS,222,PL,602997
MG,DOMINGOS SÁVIO,DOMINGOS SAVIO CAMPOS RESENDE,222,PL,4968829
MS,REINALDO AZAMBUJA,REINALDO AZAMBUJA SILVA,222,PL,903554
MS,CAPITÃO CONTAR,RENAN BARBOSA CONTAR,221,PL,856045
MT,ZÉ MEDEIROS,JOSE ANTONIO DOS SANTOS MEDEIROS,222,PL,977777
PA,DELEGADO ÉDER MAURO,EDER MAURO CARDOSO BARRA,222,PL,1997768
PB,DR. MARCELO QUEIROGA,MARCELO ANTÔNIO CARTAXO QUEIROGA LOPES,222,PL,533723
PE,MENDONÇA FILHO,JOSÉ MENDONÇA BEZERRA FILHO,222,PL,1728587
PI,TIAGO JUNQUEIRA,TIAGO MAXIMIANO JUNQUEIRA,222,PL,324530
PR,FILIPE BARROS,FILIPE BARROS BAPTISTA DE TOLEDO RIBEIRO,222,PL,3148583
RJ,CARLOS PORTINHO,CARLOS FRANCISCO PORTINHO,222,PL,4264932
RJ,CARLOS JORDY,CARLOS ROBERTO COELHO DE MATTOS JÚNIOR,221,PL,3912405
RN,CORONEL HÉLIO,HELIO IMBROSIO OLIVEIRA,222,PL,620354
RO,DR. FERNANDO MÁXIMO,FERNANDO RODRIGUES MÁXIMO,221,PL,570799
RO,BRUNO SCHEID,BRUNO SCHEID,222,PL,474226
RR,NICOLETTI,ANTONIO CARLOS NICOLETTI,227,PL,138269
RR,HELIO FERNANDO BARBOSA LOPES,HELIO FERNANDO BARBOSA LOPES,222,PL,79038
RS,SANDERSON,UBIRATAN ANTUNES SANDERSON,222,PL,3453316
SC,CAROL DE TONI,CAROLINE RODRIGUES DE TONI,221,PL,2694918
SC,CARLOS BOLSONARO,CARLOS NANTES BOLSONARO,222,PL,2041840
SE,RODRIGO VALADARES,RODRIGO SANTANA VALADARES,222,PL,129356
SE,CORONEL ROCHA,HENRIQUE ALVES DA ROCHA,221,PL,40372
SP,ANDRÉ DO PRADO,ANDRE LUIS DO PRADO,222,PL,12703089
TO,EDUARDO GOMES,CARLOS EDUARDO TORRES GOMES,222,PL,450191
