uf,sections,with_timestamp,without_timestamp,timestamp_coverage_pct,earliest,latest
AC,2270,2270,0,100.0,2026-10-04T21:08:15,2026-10-04T21:08:18
AL,7101,7101,0,100.0,2026-10-04T22:54:48,2026-10-04T22:55:08
AM,8157,8157,0,100.0,2026-10-05T06:00:31,2026-10-05T06:00:37
AP,1914,1914,0,100.0,2026-10-04T21:04:25,2026-10-04T21:04:27
BA,35476,35476,0,100.0,2026-10-05T00:51:40,2026-10-05T00:52:33
CE,23765,23765,0,100.0,2026-10-04T23:11:19,2026-10-04T23:11:51
DF,6969,6969,0,100.0,2026-10-04T20:23:54,2026-10-04T20:24:07
ES,9844,9844,0,100.0,2026-10-04T20:57:00,2026-10-04T20:57:18
GO,15686,15686,0,100.0,2026-10-04T22:39:08,2026-10-04T22:39:51
MA,18093,18093,0,100.0,2026-10-05T02:01:54,2026-10-05T02:02:06
MG,52062,52062,0,100.0,2026-10-05T00:51:54,2026-10-05T00:52:52
MS,7106,7106,0,100.0,2026-10-04T21:06:27,2026-10-04T21:06:45
MT,8287,8287,0,100.0,2026-10-04T21:32:07,2026-10-04T21:32:37
PA,20827,20827,0,100.0,2026-10-04T23:56:48,2026-10-04T23:56:59
PB,10712,10712,0,100.0,2026-10-04T23:23:16,2026-10-04T23:23:27
PE,21418,21418,0,100.0,2026-10-04T22:55:38,2026-10-04T22:56:27
PI,10225,10225,0,100.0,2026-10-04T23:37:20,2026-10-04T23:37:42
PR,27142,27142,0,100.0,2026-10-04T22:44:08,2026-10-04T22:44:59
RJ,37675,37675,0,100.0,2026-10-04T22:23:06,2026-10-04T22:24:02
RN,8115,8115,0,100.0,2026-10-04T23:01:59,2026-10-04T23:02:22
RO,4698,4698,0,100.0,2026-10-04T20:51:41,2026-10-04T20:56:59
RR,1519,1519,0,100.0,2026-10-04T21:09:53,2026-10-04T21:09:55
RS,27547,27547,0,100.0,2026-10-04T21:12:27,2026-10-04T21:13:27
SC,17326,17326,0,100.0,2026-10-04T21:56:17,2026-10-04T22:21:12
SE,5923,5923,0,100.0,2026-10-04T22:08:08,2026-10-04T22:08:27
SP,103656,103656,0,100.0,2026-10-04T22:58:58,2026-10-04T23:01:49
TO,4384,4384,0,100.0,2026-10-04T21:18:54,2026-10-04T21:19:02
