uf,n_zonas,n_zonas_2022,first_complete_brt,last_complete_brt,spearman_complete_vs_lula_margin_2026,spearman_complete_vs_lula_margin_2022,early_q_validos_2026,early_q_margin_lula_minus_flavio_2026_pp,late_q_validos_2026,late_q_margin_lula_minus_flavio_2026_pp,late_minus_early_margin_2026_pp,early_q_validos_2022,early_q_margin_lula_minus_bolsonaro_2022_pp,late_q_validos_2022,late_q_margin_lula_minus_bolsonaro_2022_pp,late_minus_early_margin_2022_pp
AC,23,23,2026-10-04 18:17:46,2026-10-04 20:55:40,-0.10869565217391304,-0.08498023715415019,42242,-35.639884475166895,210243,-37.51278282749009,-1.8728983523231975,39733,-30.883648352754637,198169,-36.187294682821225,-5.303646330066588
AL,107,107,2026-10-04 18:49:56,2026-10-04 22:54:06,-0.05659966080500619,-0.06680856621591436,202949,27.860201331368966,750025,9.578747375087497,-18.281453956281467,187712,36.80265513126491,718567,14.252533166705401,-22.550121964559512
AM,74,74,2026-10-04 18:59:25,2026-10-05 02:59:41,0.4196978684493307,0.4100562807451697,976509,-14.228440290872895,323337,36.09237421018937,50.320814501062266,950990,-13.040305365987024,288752,43.50792375464066,56.54822912062768
AP,18,17,2026-10-04 19:07:36,2026-10-04 21:02:55,-0.20900225118620977,-0.13398956940654275,33257,10.46997624560243,335146,-4.98618512528868,-15.45616137089111,27840,18.753591954022987,315526,-5.19101436965575,-23.944606323678737
BA,446,446,2026-10-04 18:37:35,2026-10-05 00:40:37,0.15668460143399768,0.17498145859969608,1928027,34.58955709645145,2126551,44.46190098426983,9.872343887818381,1947863,41.357888106093704,2055361,52.86910669220638,11.511218586112676
CE,205,205,2026-10-04 19:07:23,2026-10-04 23:10:16,0.04623628470654454,0.05492160752967376,1844627,23.06623507083004,1187926,40.146187557137395,17.079952486307356,1797950,29.410217191801774,1130325,50.96012208877978,21.549904896978003
DF,19,19,2026-10-04 18:21:50,2026-10-04 20:12:07,-0.4776121243748527,-0.34152778746657664,317372,-11.000655382327363,432386,-18.6416766500303,-7.641021267702936,314649,-14.496152856039586,431922,-18.285940517037798,-3.7897876609982113
ES,85,85,2026-10-04 17:33:44,2026-10-04 20:56:39,0.05781606621946673,0.015519255097449825,238566,-16.431930786449033,1118810,-12.609200847328859,3.8227299391201743,234714,-10.604395136208321,1108840,-8.114606255185599,2.4897888810227222
GO,259,259,2026-10-04 17:31:43,2026-10-04 22:35:51,0.12843334576047535,0.024163901632035998,628295,-27.51032556362855,1196127,-17.630485726014044,9.879839837614508,612406,-15.518626532071861,1125764,-8.344200027714512,7.174426504357349
MA,223,219,2026-10-04 18:32:12,2026-10-05 01:57:03,0.12056195557463921,0.06999093677402861,673721,32.29051788499987,1300385,36.37053641806081,4.080018533060937,644641,41.410955865357614,1193024,45.43479427069363,4.023838405336015
MG,891,891,2026-10-04 17:23:11,2026-10-05 00:47:00,0.178411799031301,0.16219773200193888,2327018,-9.23864791763536,3073753,3.0367111475775705,12.27535906521293,2366228,0.07924003942139135,3062671,13.015632433258421,12.93639239383703
MS,88,88,2026-10-04 17:51:49,2026-10-04 21:03:36,0.20844252448304912,0.10490388618606021,269783,-24.837369293098526,352813,-21.79199746041104,3.0453718326874863,272480,-14.70309747504404,357114,-11.48288781733564,3.2202096577083985
MT,147,146,2026-10-04 17:33:46,2026-10-04 21:22:37,0.12385767862813249,0.10536839742441424,149179,-40.78120915142212,702864,-28.962501991850488,11.81870715957163,137640,-26.993606509735542,657806,-18.245044891654988,8.748561618080554
PA,160,159,2026-10-04 18:10:52,2026-10-04 23:55:54,0.3089823943188213,0.3520172215097656,1388799,-1.8787455924147412,1208592,21.782123330288467,23.66086892270321,1389816,1.5837348253293961,1138196,28.51512393296058,26.931389107631183
PB,230,230,2026-10-04 17:36:20,2026-10-04 23:22:11,-0.19925634416988341,-0.20671263237569157,264905,49.0334270776316,914242,20.984925216736926,-28.048501860894675,253896,57.85124617953808,881644,26.67380484640059,-31.17744133313749
PE,209,209,2026-10-04 18:47:45,2026-10-04 22:40:01,0.19540469417212816,0.23792215489912966,1214264,29.223628469591457,1421675,42.82279705277226,13.599168583180802,1212486,29.853788002500647,1357173,49.20691761477719,19.353129612276543
PI,230,230,2026-10-04 18:31:52,2026-10-04 23:36:12,-0.004761014719880281,-0.00142573995806649,262486,55.90279100599651,816644,43.21172995821925,-12.69106104777726,247912,64.28248733421536,779001,49.68761272450228,-14.59487460971308
PR,421,418,2026-10-04 17:33:46,2026-10-04 22:41:06,0.008325078687148598,0.0015460132637731487,1207492,-26.17864134917664,1611816,-25.97300188110802,0.20563946806862177,1212134,-17.417546244887117,1592766,-14.641070941996501,2.7764753028906153
RJ,183,183,2026-10-04 17:51:31,2026-10-04 22:05:19,0.07342393427718527,0.011231213258109156,1715368,-14.673469482933108,3141460,-11.946165158875173,2.7273043240579344,1730723,-11.273670021141454,3133241,-9.326859951085792,1.9468100700556619
RN,172,172,2026-10-04 17:41:12,2026-10-04 22:51:30,-0.31174987913037566,-0.3158619680565658,210811,40.13500244294652,1076710,18.36984889153068,-21.765153551415843,204335,49.63417916656471,1052568,24.28242165826816,-25.351757508296547
RO,56,56,2026-10-04 17:52:42,2026-10-04 20:50:36,-0.3047417326565135,-0.3902772739518463,237318,-33.126437944024474,416721,-43.53704276962284,-10.41060482559837,225051,-27.460886643471923,384429,-37.94016580434879,-10.479279160876864
RR,16,14,2026-10-04 18:28:19,2026-10-04 21:06:14,0.36176470588235293,0.14285714285714285,22038,-48.71585443325166,39012,-24.123346662565364,24.592507770686293,19368,-38.501652209830645,32581,-24.658543322795495,13.84310888703515
RS,522,522,2026-10-04 17:36:54,2026-10-04 21:05:17,0.19609330776229783,0.14876557235413776,713041,-28.33371433059249,2662145,-16.582304870696376,11.751409459896113,728125,-11.681922746781115,2764644,-4.518701141991518,7.163221604789597
SC,315,313,2026-10-04 17:21:12,2026-10-04 21:53:42,-0.0863365827573372,-0.133061378334203,591814,-28.14161206054605,1471878,-45.010863672125,-16.86925161157895,580105,-17.98243421449565,1340286,-36.77386766705017,-18.791433452554518
SE,77,77,2026-10-04 18:32:09,2026-10-04 21:56:46,0.1140073535462982,0.137950081121873,233257,27.81995824348251,359199,35.01875005219948,7.198791808716969,230093,28.429808816435095,334149,38.32751257672476,9.897703760289662
SP,778,768,2026-10-04 17:21:55,2026-10-04 22:48:09,0.25264417151045493,0.17361629104023155,1697185,-30.946891470287564,11123875,-7.797264891955367,23.149626578332196,1739814,-21.34532771894007,11387814,-0.825461322076388,20.51986639686368
TO,140,140,2026-10-04 17:29:32,2026-10-04 20:55:40,-0.06787237325593988,-0.07550462556497552,92797,5.642423785251679,499573,-15.134925226143126,-20.777349011394804,87355,21.835040924961366,457547,-3.7027890030969495,-25.537829928058315
