minute,sections_generated,cumulative_sections
2026-10-04 20:23,3199,3199
2026-10-04 20:24,3770,6969
2026-10-04 20:51,4697,11666
2026-10-04 20:56,1,11667
2026-10-04 20:57,9844,21511
2026-10-04 21:04,1914,23425
2026-10-04 21:06,7106,30531
2026-10-04 21:08,2270,32801
2026-10-04 21:09,1519,34320
2026-10-04 21:12,13848,48168
2026-10-04 21:13,13699,61867
2026-10-04 21:18,2949,64816
2026-10-04 21:19,1435,66251
2026-10-04 21:32,8287,74538
2026-10-04 21:56,17240,91778
2026-10-04 22:08,5923,97701
2026-10-04 22:09,2,97703
2026-10-04 22:10,7,97710
2026-10-04 22:11,6,97716
2026-10-04 22:12,7,97723
2026-10-04 22:13,6,97729
2026-10-04 22:14,7,97736
2026-10-04 22:15,11,97747
2026-10-04 22:16,4,97751
2026-10-04 22:17,7,97758
2026-10-04 22:18,9,97767
2026-10-04 22:19,12,97779
2026-10-04 22:20,6,97785
2026-10-04 22:21,2,97787
2026-10-04 22:23,35499,133286
2026-10-04 22:24,2176,135462
2026-10-04 22:39,15686,151148
2026-10-04 22:44,27142,178290
2026-10-04 22:54,5152,183442
2026-10-04 22:55,11999,195441
2026-10-04 22:56,11368,206809
2026-10-04 22:58,1650,208459
2026-10-04 22:59,40750,249209
2026-10-04 23:00,25107,274316
2026-10-04 23:01,36249,310565
2026-10-04 23:02,8015,318580
2026-10-04 23:11,23765,342345
2026-10-04 23:23,10712,353057
2026-10-04 23:37,10225,363282
2026-10-04 23:56,20827,384109
2026-10-05 00:51,18100,402209
2026-10-05 00:52,69438,471647
2026-10-05 02:01,5900,477547
2026-10-05 02:02,12193,489740
2026-10-05 06:00,8157,497897
