uf,president_turnout,governor_turnout,turnout_difference_gov_minus_pres,electorate,president_valid_votes_reported,president_valid_candidate_sum,president_valid_reconciliation_error,governor_valid_votes_reported,governor_valid_candidate_sum,governor_valid_reconciliation_error,governor_right_block_votes,president_right_block_votes,lula_votes,flavio_votes,governor_right_share_turnout_pct,president_right_share_turnout_pct,lula_share_turnout_pct,min_governor_right_not_president_right,min_violation_pct_of_governor_right,min_overlap_governor_right_x_president_right,max_overlap_governor_right_x_president_right,min_alignment_pct_of_governor_right,max_alignment_pct_of_governor_right,min_overlap_governor_right_x_lula,max_overlap_governor_right_x_lula,min_lula_overlap_pct_of_governor_right,max_lula_overlap_pct_of_governor_right,unclassified_governor_valid_votes,unclassified_president_valid_votes
AC,488330,487971,-359,613742,469066,469066,0,439647,439647,0,361023,311614,134770,302807,73.93012921589909,63.812176192328955,27.59814060164233,49409,13.685831650615057,184307,311614,51.0513180600682,86.31416834938494,7463,134770,2.0671813153178604,37.330031604634605,0,0
AL,1938428,1935820,-2608,2442126,1818856,1818856,0,1709614,1709614,0,893364,764619,995459,735718,46.087035474105825,39.44531341891471,51.353932155334114,128745,14.411259016481523,0,764619,0.0,85.58874098351848,0,893364,0.0,100.0,0,0
AM,2234549,2232271,-2278,2798611,2170763,2170763,0,2071985,2071985,0,997407,1015176,1046996,976764,44.63571843803828,45.43091245705509,46.85491345233423,0,0.0,0,997407,0.0,100.0,0,997407,0.0,100.0,0,0
AP,476562,476019,-543,576988,464858,464858,0,448747,448747,0,166276,224239,212503,212278,34.890738246020454,47.05347887578112,44.59084022645532,0,0.0,0,166276,0.0,100.0,0,166276,0.0,100.0,0,0
BA,9053601,9046179,-7422,11312752,8560291,8560291,0,8291090,8291090,0,3628072,2568901,5664771,2442585,40.07324820256603,28.37435623681671,62.56925835366502,1059171,29.193770134661055,0,2568901,0.0,70.80622986533895,239242,3628072,6.594191074488048,100.0,0,0
CE,5910471,5905522,-4949,6996545,5617814,5617814,0,5406095,5406095,0,24663,1870299,3555263,1756850,0.4172763896481346,31.643823309512896,60.15194051370864,0,0.0,0,24663,0.0,100.0,0,24663,0.0,100.0,0,0
DF,1831396,1817921,-13475,2258320,1772808,1772808,0,1651394,1651394,0,897678,962285,675627,909616,49.016051143499276,52.54379719077687,36.89136593068894,0,0.0,28567,897678,3.1823215005826144,100.0,0,675627,0.0,75.26384739294045,0,0
ES,2352282,2348612,-3670,2991650,2251078,2251078,0,2112171,2112171,0,1066621,1293588,850028,1233194,45.3440956483959,54.99289625988721,36.136313588251745,0,0.0,7927,1066621,0.7431880677391501,100.0,0,850028,0.0,79.69353687954765,0,0
GO,3971587,3966488,-5099,5080590,3827823,3827823,0,3630576,3630576,0,797141,2109570,1188880,2051888,20.07109500559852,53.11655013474463,29.93463318315827,0,0.0,0,797141,0.0,100.0,0,797141,0.0,100.0,0,0
MA,4160343,4158395,-1948,5183115,4010439,4010439,0,3846156,3846156,0,7905,1305213,2566301,1239040,0.1900083719058741,31.372725758429052,61.68484185078009,0,0.0,0,7905,0.0,100.0,0,7905,0.0,100.0,0,0
MG,12637274,12627167,-10107,16372372,11976235,11976235,0,11410371,11410371,0,7197091,6128307,5188936,5777548,56.95129345141998,48.49389987112727,41.06056416913964,1068784,14.850222124466677,688124,6128307,9.561140744225687,85.14977787553332,0,5188936,0.0,72.09768502301833,0,0
MS,1541220,1539009,-2211,2024430,1490278,1490278,0,1363298,1363298,0,1033932,908825,516855,873351,67.08529606415696,58.967895563255084,33.53544594541986,125107,12.100118769899762,401537,908825,38.83591957691608,87.89988123010023,9567,516855,0.9253026311208087,49.989264284304966,0,0
MT,2052133,2049718,-2415,2637801,1993288,1993288,0,1856293,1856293,0,1574745,1336216,581681,1298581,76.73698537083123,65.11351847078137,28.345190102200977,238529,15.147150808543605,858828,1336216,54.53759180057724,84.8528491914564,104293,581681,6.62285004873805,36.938107439617205,0,0
PA,5066504,5062750,-3754,6262397,4863172,4863172,0,4564841,4564841,0,2345721,2252921,2427237,2163957,46.29861142910378,44.466973676523295,47.90753150495885,92800,3.9561397114149552,0,2252921,0.0,96.04386028858505,0,2345721,0.0,100.0,0,0
PB,2683988,2677904,-6084,3248531,2513747,2513747,0,2286622,2286622,0,2023088,876437,1541127,831377,75.37619393231266,32.654281613777705,57.41929546629866,1146651,56.6782562103082,215537,876437,10.653861819159621,43.3217437896918,880227,1541127,43.509081167008056,76.17696313754024,0,0
PE,5911062,5905236,-5826,7223450,5601017,5601017,0,5266852,5266852,0,18340,1831294,3553971,1738043,0.31026573566645044,30.980794990815525,60.124069075912246,0,0.0,0,18340,0.0,100.0,0,18340,0.0,100.0,0,0
PI,2240883,2239386,-1497,2704758,2146394,2146394,0,2021200,2021200,0,563113,551356,1523710,517028,25.12906742565319,24.604408173028222,67.99596409094093,11757,2.087858032046854,0,551356,0.0,97.91214196795315,0,563113,0.0,100.0,0,0
PR,6841457,6829615,-11842,8613657,6585243,6585243,0,6242274,6242274,0,3176636,4143358,2054597,3945345,46.43215619129083,60.56250883401007,30.031570760438896,0,0.0,478537,3176636,15.064269245831124,100.0,0,2054597,0.0,64.67838934016991,0,0
RJ,9859802,9845867,-13935,12857648,9369700,9369700,0,8394627,8394627,0,4401447,5206606,3693021,4966844,44.640318334992934,52.806395097994866,37.455326182006495,0,0.0,0,4401447,0.0,100.0,0,3693021,0.0,83.90470224905582,0,0
RN,2171013,2167714,-3299,2659825,2071898,2071898,0,1986441,1986441,0,1265287,757869,1237963,720493,58.28094995285611,34.90854269412482,57.022366977995986,507418,40.10299639528423,0,757869,0.0,59.89700360471577,332237,1237963,26.257837154732485,97.84048994417867,0,0
RO,991080,990313,-767,1265893,968059,968059,0,945058,945058,0,671725,673946,250667,652988,67.77707147758001,68.00117044032773,25.29230738184607,0,0.0,354591,671725,52.788120138449514,100.0,0,250667,0.0,37.316907960847075,0,0
RR,332772,331959,-813,401521,325545,325545,0,319336,319336,0,314243,238491,74420,231322,94.43192335893644,71.66798889329631,22.363660404120537,75752,24.106185340644025,219962,238491,69.99742237695033,75.89381465935598,55891,74420,17.78591726784686,23.682309550252512,0,0
RS,6702903,6697424,-5479,8522545,6423046,6423046,0,6055306,6055306,0,3516048,3763318,2294759,3573783,52.45560020785024,56.144598840233854,34.235300734622,0,0.0,576463,3516048,16.395197107661783,100.0,0,2294759,0.0,65.26529216893512,0,0
SC,4648159,4634550,-13609,5734651,4500897,4500897,0,4265641,4265641,0,2998010,3151522,1127168,3000020,64.49886933730107,67.8015102323307,24.24977286706414,0,0.0,1501373,2998010,50.07898572719904,100.0,0,1127168,0.0,37.59720614674401,0,0
SE,1439082,1436609,-2473,1740135,1364196,1364196,0,1189927,1189927,0,462636,440997,856019,417839,32.147994346395826,30.64432742540036,59.48368473790931,21639,4.6773273156434,0,440997,0.0,95.3226726843566,0,462636,0.0,100.0,0,0
SP,26431992,26394256,-37736,34122892,24882948,24882948,0,23130513,23130513,0,14491874,13836691,9505413,12922023,54.82702173941336,52.34827174584496,35.961773142183155,655183,4.521037099825737,1896573,13836691,13.087148011361402,95.47896290017427,0,9505413,0.0,65.59133070022553,0,0
TO,965196,963810,-1386,1182023,930447,930447,0,848629,848629,0,400705,483137,404009,469321,41.51540205305451,50.055843579956814,41.85771594577682,0,0.0,0,400705,0.0,100.0,0,400705,0.0,100.0,0,0
