uf,pl_senate_candidates,pl_senate_candidate_votes,senate_turnout,senate_total_vote_slots,senate_valid_candidate_votes,president_turnout,flavio_votes,lula_votes,unique_pl_senate_voters_lower_bound,unique_pl_senate_voters_upper_bound,raw_pl_candidate_votes_minus_flavio,min_unique_pl_senate_voters_not_flavio,min_unique_pl_senate_x_flavio_overlap,min_unique_pl_senate_x_lula_overlap,min_not_flavio_pct_of_unique_lower_bound,min_lula_overlap_pct_of_unique_lower_bound
AC,1,223972,487971,975942,730058,488330,302807,134770,223972,223972,-78835,0,38449,0,0.0,0.0
AL,0,0,1935820,3871640,3286601,1938428,735718,995459,0,0,-735718,0,0,0,,
AM,1,909155,2232271,4464542,3841845,2234549,976764,1046996,909155,909155,-67609,0,0,0,0.0,0.0
AP,0,0,476019,952038,883225,476562,212278,212503,0,0,-212278,0,0,0,,
BA,1,2879443,9046179,18092358,14418409,9053601,2442585,5664771,2879443,2879443,436858,436858,0,0,15.171614787998928,0.0
CE,1,1776782,5905522,11811044,9715006,5910471,1756850,3555263,1776782,1776782,19932,19932,0,0,1.1218033501014757,0.0
DF,2,1825112,1817921,3635842,3226319,1831396,909616,675627,938496,1817921,915496,28880,16716,0,3.077264048008729,0.0
ES,1,761722,2348612,4697224,4029927,2352282,1233194,850028,761722,761722,-471472,0,0,0,0.0,0.0
GO,2,2316177,3966488,7932976,6681994,3971587,2051888,1188880,1639247,2316177,264289,0,0,0,0.0,0.0
MA,1,602997,4158395,8316790,7117850,4160343,1239040,2566301,602997,602997,-636043,0,0,0,0.0,0.0
MG,1,4968829,12627167,25254334,20522302,12637274,5777548,5188936,4968829,4968829,-808719,0,0,0,0.0,0.0
MS,2,1759599,1539009,3078018,2608059,1541220,873351,516855,903554,1539009,886248,30203,235685,0,3.3426889815107894,0.0
MT,1,977777,2049718,4099436,3575264,2052133,1298581,581681,977777,977777,-320804,0,224225,0,0.0,0.0
PA,1,1997768,5062750,10125500,8957562,5066504,2163957,2427237,1997768,1997768,-166189,0,0,0,0.0,0.0
PB,1,533723,2677904,5355808,4282762,2683988,831377,1541127,533723,533723,-297654,0,0,0,0.0,0.0
PE,1,1728587,5905236,11810472,9292778,5911062,1738043,3553971,1728587,1728587,-9456,0,0,0,0.0,0.0
PI,1,324530,2239386,4478772,3640949,2240883,517028,1523710,324530,324530,-192498,0,0,0,0.0,0.0
PR,1,3148583,6829615,13659230,11543639,6841457,3945345,2054597,3148583,3148583,-796762,0,252471,0,0.0,0.0
RJ,2,8177337,9845867,19691734,15923657,9859802,4966844,3693021,4264932,8177337,3210493,0,0,0,0.0,0.0
RN,1,620354,2167714,4335428,3606806,2171013,720493,1237963,620354,620354,-100139,0,0,0,0.0,0.0
RO,2,1045025,990313,1980626,1759898,991080,652988,250667,570799,990313,392037,0,232707,0,0.0,0.0
RR,2,217307,331959,663918,603365,332772,231322,74420,138269,217307,-14015,0,36819,0,0.0,0.0
RS,1,3453316,6697424,13394848,11465782,6702903,3573783,2294759,3453316,3453316,-120467,0,324196,0,0.0,0.0
SC,2,4736758,4634550,9269100,8041100,4648159,3000020,1127168,2694918,4634550,1736738,0,1046779,0,0.0,0.0
SE,2,169728,1436609,2873218,2254769,1439082,417839,856019,129356,169728,-248111,0,0,0,0.0,0.0
SP,1,12703089,26394256,52788512,43377903,26431992,12922023,9505413,12703089,12703089,-218934,0,0,0,0.0,0.0
TO,1,450191,963810,1927620,1650411,965196,469321,404009,450191,450191,-19130,0,0,0,0.0,0.0
