uf,start_sections,final_sections,d_sections,d_valid_votes,d_lula,d_flavio,lula_share_tail_pct,flavio_share_tail_pct,lula_minus_flavio_tail_pp
AC,2270,2270,0,0,0,0,,,
AL,6856,7101,245,72317,40362,28348,55.812602845803895,39.19963494060871,16.612967905195184
AM,8037,8157,120,33880,25707,7002,75.87662337662337,20.66706021251476,55.209563164108616
AP,1914,1914,0,0,0,0,,,
BA,34223,35476,1253,308015,230169,66722,74.72655552489327,21.66193204876386,53.06462347612941
CE,23175,23765,590,136500,100192,31204,73.4007326007326,22.86007326007326,50.54065934065933
DF,6969,6969,0,0,0,0,,,
ES,9844,9844,0,0,0,0,,,
GO,15675,15686,11,2800,1143,1230,40.82142857142857,43.92857142857143,-3.107142857142861
MA,17842,18093,251,57107,42508,12215,74.4357084070254,21.389672019192044,53.046036387833354
MG,51271,52062,791,176080,98094,68411,55.709904588823264,38.85222626079055,16.857678328032712
MS,7106,7106,0,0,0,0,,,
MT,8286,8287,1,238,64,161,26.89075630252101,67.6470588235294,-40.756302521008394
PA,20566,20827,261,60236,42779,15544,71.01899196493791,25.805166345706887,45.213825619231024
PB,10699,10712,13,2863,1765,965,61.64862032832693,33.70590289905693,27.942717429269997
PE,21320,21418,98,25553,20564,4071,80.47587367432395,15.931593159315932,64.54428051500801
PI,10131,10225,94,19708,15838,3229,80.36330424193221,16.384209458088087,63.979094783844126
PR,27138,27142,4,843,445,359,52.78766310794781,42.58600237247924,10.201660735468565
RJ,37616,37675,59,17111,6763,8976,39.52428262521185,52.45748349015253,-12.93320086494068
RN,8044,8115,71,17448,10079,6574,57.76593305823017,37.67767079321412,20.08826226501605
RO,4698,4698,0,0,0,0,,,
RR,1519,1519,0,0,0,0,,,
RS,27547,27547,0,0,0,0,,,
SC,17314,17326,12,1886,824,958,43.69034994697773,50.79533404029692,-7.104984093319189
SE,5919,5923,4,1161,837,280,72.09302325581395,24.117140396210164,47.975882859603786
SP,103514,103656,142,34736,13109,18599,37.73894518654998,53.54387379087978,-15.804928604329803
TO,4384,4384,0,0,0,0,,,
ZZ,1281,1351,70,14192,7651,5250,53.91065388951522,36.99267192784667,16.917981961668545
