uf,office,office_code,candidate_number,sqcand,candidate,candidate_full_name,party,field_classification,classification_source,vote_status,is_valid_candidate_vote,votes,is_right_block
AC,President,0001,22,280002551544,FLAVIO BOLSONARO,FLAVIO NANTES BOLSONARO,PL,direita,party,Válido,True,302807,True
AC,President,0001,55,280002551932,RONALDO CAIADO,RONALDO RAMOS CAIADO,PSD,centro,party,Válido,True,8594,False
AC,President,0001,13,280002542548,LULA,LUIZ INÁCIO LULA DA SILVA,PT,esquerda,party,Válido,True,134770,False
AC,President,0001,27,280002552484,CLARIANA BARAO,CLARIANA ZACARKIM BARAO,DC,direita,party,Válido,True,215,True
AC,President,0001,21,280002551975,EDMILSON COSTA,EDMILSON SILVA COSTA,PCB,esquerda,party,Válido,True,140,False
AC,President,0001,16,280002541457,HERTZ DIAS,HERTZ DA CONCEICAO DIAS,PSTU,esquerda,party,Válido,True,71,False
AC,President,0001,70,280002551547,ESCRITOR AUGUSTO CURY,AUGUSTO JORGE CURY,AVANTE,centro,party,Válido,True,13523,False
AC,President,0001,30,280002539826,ZEMA,ROMEU ZEMA NETO,NOVO,direita,party,Válido,True,573,True
AC,President,0001,80,280002538811,SAMARA,SAMARA MARTINS DA SILVA FEITOSA,UP,esquerda,party,Válido,True,314,False
AC,President,0001,35,280002548139,VETERINÁRIO WILSON GRASSI,WILSON GRASSI JUNIOR,DEMOCRATA,direita,party,Válido,True,39,True
AC,President,0001,14,280002540694,RENAN SANTOS,RENAN ANTONIO FERREIRA DOS SANTOS,MISSÃO,direita,party,Válido,True,7980,True
AC,President,0001,29,280002552487,RUI COSTA PIMENTA,RUI COSTA PIMENTA,PCO,esquerda,party,Válido,True,40,False
AC,Governor,0003,11,10002544107,MAILZA ASSIS,MAILZA ASSIS CAMELI,PP,centro-direita,party,Válido,True,218760,True
AC,Governor,0003,21,10002549500,EUDO RAFFAEL,EUDO RAFFAEL LIMA DA SILVA,PCB,esquerda,party,Válido,True,715,False
AC,Governor,0003,36,10002533539,DR.LUISINHO,FRANCISCO DAS CHAGAS CONCEICAO DA SILVA,AGIR,centro-direita,party,Válido,True,404,True
AC,Governor,0003,10,10002532492,ALAN RICK,ALAN RICK MIRANDA,REPUBLICANOS,direita,party,Válido,True,141859,True
AC,Governor,0003,40,10002550719,THOR DANTAS,THOR OLIVEIRA DANTAS,PSB,esquerda,party,Válido,True,32963,False
AC,Governor,0003,45,10002544015,TIÃO BOCALOM,SEBASTIAO BOCALOM RODRIGUES,PSDB,centro-esquerda,party,Válido,True,44946,False
AL,President,0001,22,280002551544,FLAVIO BOLSONARO,FLAVIO NANTES BOLSONARO,PL,direita,party,Válido,True,735718,True
AL,President,0001,55,280002551932,RONALDO CAIADO,RONALDO RAMOS CAIADO,PSD,centro,party,Válido,True,14198,False
AL,President,0001,13,280002542548,LULA,LUIZ INÁCIO LULA DA SILVA,PT,esquerda,party,Válido,True,995459,False
AL,President,0001,27,280002552484,CLARIANA BARAO,CLARIANA ZACARKIM BARAO,DC,direita,party,Válido,True,636,True
AL,President,0001,21,280002551975,EDMILSON COSTA,EDMILSON SILVA COSTA,PCB,esquerda,party,Válido,True,267,False
AL,President,0001,16,280002541457,HERTZ DIAS,HERTZ DA CONCEICAO DIAS,PSTU,esquerda,party,Válido,True,431,False
AL,President,0001,70,280002551547,ESCRITOR AUGUSTO CURY,AUGUSTO JORGE CURY,AVANTE,centro,party,Válido,True,42427,False
AL,President,0001,30,280002539826,ZEMA,ROMEU ZEMA NETO,NOVO,direita,party,Válido,True,1168,True
AL,President,0001,80,280002538811,SAMARA,SAMARA MARTINS DA SILVA FEITOSA,UP,esquerda,party,Válido,True,1345,False
AL,President,0001,35,280002548139,VETERINÁRIO WILSON GRASSI,WILSON GRASSI JUNIOR,DEMOCRATA,direita,party,Válido,True,246,True
AL,President,0001,14,280002540694,RENAN SANTOS,RENAN ANTONIO FERREIRA DOS SANTOS,MISSÃO,direita,party,Válido,True,26851,True
AL,President,0001,29,280002552487,RUI COSTA PIMENTA,RUI COSTA PIMENTA,PCO,esquerda,party,Válido,True,110,False
AL,Governor,0003,15,20002553745,RENAN FILHO,JOSÉ RENAN VASCONCELOS CALHEIROS FILHO,MDB,centro,party,Válido,True,809796,False
AL,Governor,0003,35,20002552502,MÁRCIO JAMBO,MARCIO FERREIRA JAMBO SOBRINHO,DEMOCRATA,direita,party,Válido,True,880,True
AL,Governor,0003,45,20002553350,JHC,JOÃO HENRIQUE HOLANDA CALDAS,PSDB,centro-direita,exception,Válido,True,892484,True
AL,Governor,0003,80,20002539642,LENILDA LUNA,LENILDA LUNA DE ALMEIDA,UP,esquerda,party,Válido,True,6454,False
AM,President,0001,22,280002551544,FLAVIO BOLSONARO,FLAVIO NANTES BOLSONARO,PL,direita,party,Válido,True,976764,True
AM,President,0001,55,280002551932,RONALDO CAIADO,RONALDO RAMOS CAIADO,PSD,centro,party,Válido,True,28310,False
AM,President,0001,13,280002542548,LULA,LUIZ INÁCIO LULA DA SILVA,PT,esquerda,party,Válido,True,1046996,False
AM,President,0001,27,280002552484,CLARIANA BARAO,CLARIANA ZACARKIM BARAO,DC,direita,party,Válido,True,929,True
AM,President,0001,21,280002551975,EDMILSON COSTA,EDMILSON SILVA COSTA,PCB,esquerda,party,Válido,True,265,False
AM,President,0001,16,280002541457,HERTZ DIAS,HERTZ DA CONCEICAO DIAS,PSTU,esquerda,party,Válido,True,457,False
AM,President,0001,70,280002551547,ESCRITOR AUGUSTO CURY,AUGUSTO JORGE CURY,AVANTE,centro,party,Válido,True,77531,False
AM,President,0001,30,280002539826,ZEMA,ROMEU ZEMA NETO,NOVO,direita,party,Válido,True,1781,True
AM,President,0001,80,280002538811,SAMARA,SAMARA MARTINS DA SILVA FEITOSA,UP,esquerda,party,Válido,True,1867,False
AM,President,0001,35,280002548139,VETERINÁRIO WILSON GRASSI,WILSON GRASSI JUNIOR,DEMOCRATA,direita,party,Válido,True,291,True
AM,President,0001,14,280002540694,RENAN SANTOS,RENAN ANTONIO FERREIRA DOS SANTOS,MISSÃO,direita,party,Válido,True,35411,True
AM,President,0001,29,280002552487,RUI COSTA PIMENTA,RUI COSTA PIMENTA,PCO,esquerda,party,Válido,True,161,False
AM,Governor,0003,44,40002541741,ROBERTO CIDADE,ROBERTO MAIA CIDADE FILHO,UNIÃO,centro-direita,party,Válido,True,453896,True
AM,Governor,0003,55,40002532272,OMAR AZIZ,OMAR JOSE ABDELAZIZ,PSD,centro,party,Válido,True,841846,False
AM,Governor,0003,18,40002550776,ISAEL MUNDURUKU,ISAEL FRANKLIN GONÇALVES,REDE,esquerda,party,Válido,True,11459,False
AM,Governor,0003,16,40002535267,GILBERTO VASCONCELOS,GILBERTO VASCONCELOS DA SILVA,PSTU,esquerda,party,Válido,True,2783,False
AM,Governor,0003,22,40002541626,PROFESSORA MARIA DO CARMO,MARIA DO CARMO SEFFAIR LINS DE ALBUQUERQUE,PL,direita,party,Válido,True,507335,True
AM,Governor,0003,33,40002551740,CABO DACIOLO,BENEVENUTO DACIOLO FONSECA DOS SANTOS,MOBILIZA,centro-direita,party,Válido,True,36176,True
AM,Governor,0003,70,40002536086,DAVID ALMEIDA,DAVID ANTÔNIO ABISAI PEREIRA DE ALMEIDA,AVANTE,centro,party,Válido,True,218490,False
AP,President,0001,22,280002551544,FLAVIO BOLSONARO,FLAVIO NANTES BOLSONARO,PL,direita,party,Válido,True,212278,True
AP,President,0001,55,280002551932,RONALDO CAIADO,RONALDO RAMOS CAIADO,PSD,centro,party,Válido,True,8304,False
AP,President,0001,13,280002542548,LULA,LUIZ INÁCIO LULA DA SILVA,PT,esquerda,party,Válido,True,212503,False
AP,President,0001,27,280002552484,CLARIANA BARAO,CLARIANA ZACARKIM BARAO,DC,direita,party,Válido,True,229,True
AP,President,0001,21,280002551975,EDMILSON COSTA,EDMILSON SILVA COSTA,PCB,esquerda,party,Válido,True,62,False
AP,President,0001,16,280002541457,HERTZ DIAS,HERTZ DA CONCEICAO DIAS,PSTU,esquerda,party,Válido,True,132,False
AP,President,0001,70,280002551547,ESCRITOR AUGUSTO CURY,AUGUSTO JORGE CURY,AVANTE,centro,party,Válido,True,19057,False
AP,President,0001,30,280002539826,ZEMA,ROMEU ZEMA NETO,NOVO,direita,party,Válido,True,341,True
AP,President,0001,80,280002538811,SAMARA,SAMARA MARTINS DA SILVA FEITOSA,UP,esquerda,party,Válido,True,508,False
AP,President,0001,35,280002548139,VETERINÁRIO WILSON GRASSI,WILSON GRASSI JUNIOR,DEMOCRATA,direita,party,Válido,True,49,True
AP,President,0001,14,280002540694,RENAN SANTOS,RENAN ANTONIO FERREIRA DOS SANTOS,MISSÃO,direita,party,Válido,True,11342,True
AP,President,0001,29,280002552487,RUI COSTA PIMENTA,RUI COSTA PIMENTA,PCO,esquerda,party,Válido,True,53,False
AP,Governor,0003,44,30002536311,CLÉCIO,CLÉCIO LUÍS VILHENA VIEIRA,UNIÃO,centro-direita,party,Válido,True,165900,True
AP,Governor,0003,55,30002530014,DR. FURLAN,ANTONIO PAULO DE OLIVEIRA FURLAN,PSD,centro,party,Válido,True,281595,False
AP,Governor,0003,29,30002551388,JAIRO PALHETA,JAIRO PALHETA DA SILVA MARQUES,PCO,esquerda,party,Válido,True,315,False
AP,Governor,0003,27,30002552017,DELEGADO MARCOS,MARCOS JOSE REATEGUI DE SOUZA,DC,direita,party,Válido,True,376,True
AP,Governor,0003,16,30002536313,CARLOS CLEY,CARLOS CLEY RAMOS PAIVA,PSTU,esquerda,party,Válido,True,561,False
BA,President,0001,22,280002551544,FLAVIO BOLSONARO,FLAVIO NANTES BOLSONARO,PL,direita,party,Válido,True,2442585,True
BA,President,0001,55,280002551932,RONALDO CAIADO,RONALDO RAMOS CAIADO,PSD,centro,party,Válido,True,122705,False
BA,President,0001,13,280002542548,LULA,LUIZ INÁCIO LULA DA SILVA,PT,esquerda,party,Válido,True,5664771,False
BA,President,0001,27,280002552484,CLARIANA BARAO,CLARIANA ZACARKIM BARAO,DC,direita,party,Válido,True,1676,True
BA,President,0001,21,280002551975,EDMILSON COSTA,EDMILSON SILVA COSTA,PCB,esquerda,party,Válido,True,1299,False
BA,President,0001,16,280002541457,HERTZ DIAS,HERTZ DA CONCEICAO DIAS,PSTU,esquerda,party,Válido,True,1791,False
BA,President,0001,70,280002551547,ESCRITOR AUGUSTO CURY,AUGUSTO JORGE CURY,AVANTE,centro,party,Válido,True,195451,False
BA,President,0001,30,280002539826,ZEMA,ROMEU ZEMA NETO,NOVO,direita,party,Válido,True,6497,True
BA,President,0001,80,280002538811,SAMARA,SAMARA MARTINS DA SILVA FEITOSA,UP,esquerda,party,Válido,True,4649,False
BA,President,0001,35,280002548139,VETERINÁRIO WILSON GRASSI,WILSON GRASSI JUNIOR,DEMOCRATA,direita,party,Válido,True,625,True
BA,President,0001,14,280002540694,RENAN SANTOS,RENAN ANTONIO FERREIRA DOS SANTOS,MISSÃO,direita,party,Válido,True,117518,True
BA,President,0001,29,280002552487,RUI COSTA PIMENTA,RUI COSTA PIMENTA,PCO,esquerda,party,Válido,True,724,False
BA,Governor,0003,13,50002536314,JERÔNIMO RODRIGUES,JERONIMO RODRIGUES SOUZA,PT,esquerda,party,Válido,True,4626509,False
BA,Governor,0003,27,50002535253,ARIEL CAPISTRANO,ARIEL DA SILVA CAPISTRANO,DC,direita,party,Válido,True,2845,True
BA,Governor,0003,29,50002552489,MARIA BONA,MARIA BONA CARRARA DE SUMBUY,PCO,esquerda,party,Válido,True,4028,False
BA,Governor,0003,50,50002532269,RONALDO MANSUR,RONALDO MANSUR SANTOS SILVA,PSOL,esquerda,party,Válido,True,27243,False
BA,Governor,0003,80,50002544692,AROLDO FELIX,AROLDO FELIX DE AZEVEDO JUNIOR,UP,esquerda,party,Válido,True,5238,False
BA,Governor,0003,44,50002533190,ACM NETO,ANTONIO CARLOS PEIXOTO DE MAGALHÃES NETO,UNIÃO,centro-direita,party,Válido,True,3625227,True
CE,President,0001,22,280002551544,FLAVIO BOLSONARO,FLAVIO NANTES BOLSONARO,PL,direita,party,Válido,True,1756850,True
CE,President,0001,55,280002551932,RONALDO CAIADO,RONALDO RAMOS CAIADO,PSD,centro,party,Válido,True,45604,False
CE,President,0001,13,280002542548,LULA,LUIZ INÁCIO LULA DA SILVA,PT,esquerda,party,Válido,True,3555263,False
CE,President,0001,27,280002552484,CLARIANA BARAO,CLARIANA ZACARKIM BARAO,DC,direita,party,Válido,True,1071,True
CE,President,0001,21,280002551975,EDMILSON COSTA,EDMILSON SILVA COSTA,PCB,esquerda,party,Válido,True,783,False
CE,President,0001,16,280002541457,HERTZ DIAS,HERTZ DA CONCEICAO DIAS,PSTU,esquerda,party,Válido,True,1491,False
CE,President,0001,70,280002551547,ESCRITOR AUGUSTO CURY,AUGUSTO JORGE CURY,AVANTE,centro,party,Válido,True,140524,False
CE,President,0001,30,280002539826,ZEMA,ROMEU ZEMA NETO,NOVO,direita,party,Válido,True,4310,True
CE,President,0001,80,280002538811,SAMARA,SAMARA MARTINS DA SILVA FEITOSA,UP,esquerda,party,Válido,True,3352,False
CE,President,0001,35,280002548139,VETERINÁRIO WILSON GRASSI,WILSON GRASSI JUNIOR,DEMOCRATA,direita,party,Válido,True,481,True
CE,President,0001,14,280002540694,RENAN SANTOS,RENAN ANTONIO FERREIRA DOS SANTOS,MISSÃO,direita,party,Válido,True,107587,True
CE,President,0001,29,280002552487,RUI COSTA PIMENTA,RUI COSTA PIMENTA,PCO,esquerda,party,Válido,True,498,False
CE,Governor,0003,45,60002531351,CIRO GOMES,CIRO FERREIRA GOMES,PSDB,centro-esquerda,party,Válido,True,2498891,False
CE,Governor,0003,13,60002543969,ELMANO DE FREITAS,ELMANO DE FREITAS DA COSTA,PT,esquerda,party,Válido,True,2875573,False
CE,Governor,0003,30,60002553922,VERA LÚCIA,VERA LUCIA DA SILVA,NOVO,direita,party,Válido,True,5701,True
CE,Governor,0003,16,60002549967,ZÉ BATISTA,JOSE BATISTA NETO,PSTU,esquerda,party,Válido,True,2161,False
CE,Governor,0003,14,60002540417,DELEGADO HUGGO,HUGGO LEONARDO DE LIMA ANASTACIO,MISSÃO,direita,party,Válido,True,17219,True
CE,Governor,0003,29,60002552320,IERI BRAGA,IERI DE SOUSA BRAGA JUNIOR,PCO,esquerda,party,Válido,True,463,False
CE,Governor,0003,35,60002552498,DANILO SOARES,DANILO SOARES SOUSA,DEMOCRATA,direita,party,Válido,True,1743,True
CE,Governor,0003,80,60002533729,SERLEY LEAL,SERLEY DE SOUZA LEAL,UP,esquerda,party,Válido,True,4344,False
DF,President,0001,22,280002551544,FLAVIO BOLSONARO,FLAVIO NANTES BOLSONARO,PL,direita,party,Válido,True,909616,True
DF,President,0001,55,280002551932,RONALDO CAIADO,RONALDO RAMOS CAIADO,PSD,centro,party,Válido,True,85076,False
DF,President,0001,13,280002542548,LULA,LUIZ INÁCIO LULA DA SILVA,PT,esquerda,party,Válido,True,675627,False
DF,President,0001,27,280002552484,CLARIANA BARAO,CLARIANA ZACARKIM BARAO,DC,direita,party,Válido,True,716,True
DF,President,0001,21,280002551975,EDMILSON COSTA,EDMILSON SILVA COSTA,PCB,esquerda,party,Válido,True,334,False
DF,President,0001,16,280002541457,HERTZ DIAS,HERTZ DA CONCEICAO DIAS,PSTU,esquerda,party,Válido,True,828,False
DF,President,0001,70,280002551547,ESCRITOR AUGUSTO CURY,AUGUSTO JORGE CURY,AVANTE,centro,party,Válido,True,45979,False
DF,President,0001,30,280002539826,ZEMA,ROMEU ZEMA NETO,NOVO,direita,party,Válido,True,4915,True
DF,President,0001,80,280002538811,SAMARA,SAMARA MARTINS DA SILVA FEITOSA,UP,esquerda,party,Válido,True,2297,False
DF,President,0001,35,280002548139,VETERINÁRIO WILSON GRASSI,WILSON GRASSI JUNIOR,DEMOCRATA,direita,party,Válido,True,324,True
DF,President,0001,14,280002540694,RENAN SANTOS,RENAN ANTONIO FERREIRA DOS SANTOS,MISSÃO,direita,party,Válido,True,46714,True
DF,President,0001,29,280002552487,RUI COSTA PIMENTA,RUI COSTA PIMENTA,PCO,esquerda,party,Válido,True,382,False
DF,Governor,0003,29,70002552341,EXPEDITO MENDONÇA,EXPEDITO CARNEIRO DE MENDONÇA,PCO,esquerda,party,Válido,True,595,False
DF,Governor,0003,11,70002553055,CELINA LEÃO,CELINA LEAO HIZIM FERREIRA,PP,centro-direita,party,Válido,True,825530,True
DF,Governor,0003,80,70002537111,PROFESSORA SAMARA MINEIRO,SAMARA MINEIRO OLIVEIRA,UP,esquerda,party,Válido,True,3958,False
DF,Governor,0003,45,70002552965,PAULA BELMONTE,PAULA MORENO PARO BELMONTE,PSDB,centro-esquerda,party,Válido,True,140765,False
DF,Governor,0003,40,70002551557,CAPPELLI,RICARDO GARCIA CAPPELLI,PSB,esquerda,party,Válido,True,36828,False
DF,Governor,0003,16,70002535930,PROFESSOR ROBSON,ROBSON RAYMUNDO DA SILVA,PSTU,esquerda,party,Válido,True,1640,False
DF,Governor,0003,13,70002552496,LEANDRO GRASS,LEANDRO ANTÔNIO GRASS PEIXOTO,PT,esquerda,party,Válido,True,569930,False
DF,Governor,0003,28,70002553982,RICO PINHEIRO,ALDERICO DA SILVA PINHEIRO FILHO,PRTB,direita,party,Anulado sub judice,False,671,False
DF,Governor,0003,36,70002551298,ELISSON,ELISSON FERREIRA FREIRE,AGIR,centro-direita,party,Anulado sub judice,False,1172,False
DF,Governor,0003,30,70002547775,KIKO CAPUTO,FRANCISCO QUEIROZ CAPUTO NETO,NOVO,direita,party,Válido,True,72148,True
ES,President,0001,22,280002551544,FLAVIO BOLSONARO,FLAVIO NANTES BOLSONARO,PL,direita,party,Válido,True,1233194,True
ES,President,0001,55,280002551932,RONALDO CAIADO,RONALDO RAMOS CAIADO,PSD,centro,party,Válido,True,39097,False
ES,President,0001,13,280002542548,LULA,LUIZ INÁCIO LULA DA SILVA,PT,esquerda,party,Válido,True,850028,False
ES,President,0001,27,280002552484,CLARIANA BARAO,CLARIANA ZACARKIM BARAO,DC,direita,party,Válido,True,974,True
ES,President,0001,21,280002551975,EDMILSON COSTA,EDMILSON SILVA COSTA,PCB,esquerda,party,Válido,True,388,False
ES,President,0001,16,280002541457,HERTZ DIAS,HERTZ DA CONCEICAO DIAS,PSTU,esquerda,party,Válido,True,638,False
ES,President,0001,70,280002551547,ESCRITOR AUGUSTO CURY,AUGUSTO JORGE CURY,AVANTE,centro,party,Válido,True,65121,False
ES,President,0001,30,280002539826,ZEMA,ROMEU ZEMA NETO,NOVO,direita,party,Válido,True,5873,True
ES,President,0001,80,280002538811,SAMARA,SAMARA MARTINS DA SILVA FEITOSA,UP,esquerda,party,Válido,True,1973,False
ES,President,0001,35,280002548139,VETERINÁRIO WILSON GRASSI,WILSON GRASSI JUNIOR,DEMOCRATA,direita,party,Válido,True,311,True
ES,President,0001,14,280002540694,RENAN SANTOS,RENAN ANTONIO FERREIRA DOS SANTOS,MISSÃO,direita,party,Válido,True,53236,True
ES,President,0001,29,280002552487,RUI COSTA PIMENTA,RUI COSTA PIMENTA,PCO,esquerda,party,Válido,True,245,False
ES,Governor,0003,10,80002552682,LORENZO PAZOLINI,LORENZO SILVA DE PAZOLINI,REPUBLICANOS,direita,party,Válido,True,1048633,True
ES,Governor,0003,15,80002552172,RICARDO FERRAÇO,RICARDO DE REZENDE FERRAÇO,MDB,centro,party,Válido,True,719397,False
ES,Governor,0003,13,80002551833,HELDER SALOMÃO,HELDER IGNACIO SALOMAO,PT,esquerda,party,Válido,True,323483,False
ES,Governor,0003,80,80002550832,RAFAEL DEMUNER,RAFAEL KETLEY DEMUNER,UP,esquerda,party,Válido,True,2670,False
ES,Governor,0003,14,80002541012,BRENO BARCELOS,BRENO AUGUSTO FAGUNDES BARCELOS,MISSÃO,direita,party,Válido,True,17988,True
GO,President,0001,22,280002551544,FLAVIO BOLSONARO,FLAVIO NANTES BOLSONARO,PL,direita,party,Válido,True,2051888,True
GO,President,0001,55,280002551932,RONALDO CAIADO,RONALDO RAMOS CAIADO,PSD,centro,party,Válido,True,472041,False
GO,President,0001,13,280002542548,LULA,LUIZ INÁCIO LULA DA SILVA,PT,esquerda,party,Válido,True,1188880,False
GO,President,0001,27,280002552484,CLARIANA BARAO,CLARIANA ZACARKIM BARAO,DC,direita,party,Válido,True,559,True
GO,President,0001,21,280002551975,EDMILSON COSTA,EDMILSON SILVA COSTA,PCB,esquerda,party,Válido,True,468,False
GO,President,0001,16,280002541457,HERTZ DIAS,HERTZ DA CONCEICAO DIAS,PSTU,esquerda,party,Válido,True,668,False
GO,President,0001,70,280002551547,ESCRITOR AUGUSTO CURY,AUGUSTO JORGE CURY,AVANTE,centro,party,Válido,True,53849,False
GO,President,0001,30,280002539826,ZEMA,ROMEU ZEMA NETO,NOVO,direita,party,Válido,True,2672,True
GO,President,0001,80,280002538811,SAMARA,SAMARA MARTINS DA SILVA FEITOSA,UP,esquerda,party,Válido,True,2087,False
GO,President,0001,35,280002548139,VETERINÁRIO WILSON GRASSI,WILSON GRASSI JUNIOR,DEMOCRATA,direita,party,Válido,True,346,True
GO,President,0001,14,280002540694,RENAN SANTOS,RENAN ANTONIO FERREIRA DOS SANTOS,MISSÃO,direita,party,Válido,True,54105,True
GO,President,0001,29,280002552487,RUI COSTA PIMENTA,RUI COSTA PIMENTA,PCO,esquerda,party,Válido,True,260,False
GO,Governor,0003,22,90002551791,WILDER MORAIS,WILDER PEDRO DE MORAIS,PL,direita,party,Válido,True,797141,True
GO,Governor,0003,80,90002550707,LUCIANA AMORIM,LUCIANA DE DEUS AMORIM,UP,esquerda,party,Válido,True,11632,False
GO,Governor,0003,13,90002545476,LUIS CESAR BUENO,LUIS CESAR BUENO E FREITAS,PT,esquerda,party,Válido,True,356692,False
GO,Governor,0003,29,90002553733,DANILO DA SILVA,DANILO PINHEIRO EVANGELISTA DA SILVA,PCO,esquerda,party,Válido,True,1217,False
GO,Governor,0003,15,90002540993,DANIEL VILELA,DANIEL ELIAS CARVALHO VILELA,MDB,centro,party,Válido,True,2148218,False
GO,Governor,0003,45,90002543463,MARCONI PERILLO,MARCONI FERREIRA PERILLO JUNIOR,PSDB,centro-esquerda,party,Válido,True,315676,False
MA,President,0001,22,280002551544,FLAVIO BOLSONARO,FLAVIO NANTES BOLSONARO,PL,direita,party,Válido,True,1239040,True
MA,President,0001,55,280002551932,RONALDO CAIADO,RONALDO RAMOS CAIADO,PSD,centro,party,Válido,True,50155,False
MA,President,0001,13,280002542548,LULA,LUIZ INÁCIO LULA DA SILVA,PT,esquerda,party,Válido,True,2566301,False
MA,President,0001,16,280002541457,HERTZ DIAS,HERTZ DA CONCEICAO DIAS,PSTU,esquerda,party,Válido,True,1459,False
MA,President,0001,21,280002551975,EDMILSON COSTA,EDMILSON SILVA COSTA,PCB,esquerda,party,Válido,True,475,False
MA,President,0001,27,280002552484,CLARIANA BARAO,CLARIANA ZACARKIM BARAO,DC,direita,party,Válido,True,895,True
MA,President,0001,30,280002539826,ZEMA,ROMEU ZEMA NETO,NOVO,direita,party,Válido,True,4584,True
MA,President,0001,70,280002551547,ESCRITOR AUGUSTO CURY,AUGUSTO JORGE CURY,AVANTE,centro,party,Válido,True,84830,False
MA,President,0001,35,280002548139,VETERINÁRIO WILSON GRASSI,WILSON GRASSI JUNIOR,DEMOCRATA,direita,party,Válido,True,307,True
MA,President,0001,80,280002538811,SAMARA,SAMARA MARTINS DA SILVA FEITOSA,UP,esquerda,party,Válido,True,1795,False
MA,President,0001,14,280002540694,RENAN SANTOS,RENAN ANTONIO FERREIRA DOS SANTOS,MISSÃO,direita,party,Válido,True,60387,True
MA,President,0001,29,280002552487,RUI COSTA PIMENTA,RUI COSTA PIMENTA,PCO,esquerda,party,Válido,True,211,False
MA,Governor,0003,28,100002551399,ROBERTO ROCHA,ROBERTO COELHO ROCHA,PRTB,direita,party,Anulado sub judice,False,48924,False
MA,Governor,0003,55,100002545679,EDUARDO BRAIDE,EDUARDO SALIM BRAIDE,PSD,centro,party,Válido,True,2104122,False
MA,Governor,0003,21,100002544073,REGINALDO LIMA,REGINALDO LIMA BRAUNO,PCB,esquerda,party,Válido,True,1096,False
MA,Governor,0003,15,100002543869,ORLEANS BRANDÃO,CARLOS ORLEANS BRAIDE BRANDÃO,MDB,centro,party,Válido,True,1354044,False
MA,Governor,0003,16,100002534190,SAULO ARCANGELI,SAULO COSTA ARCANGELI,PSTU,esquerda,party,Válido,True,4693,False
MA,Governor,0003,29,100002552700,DIMAS CASSIMIRO,DIMAS CASSIMIRO DO NASCIMENTO,PCO,esquerda,party,Válido,True,257,False
MA,Governor,0003,13,100002542556,FELIPE CAMARÃO,FELIPE COSTA CAMARAO,PT,esquerda,party,Válido,True,374039,False
MA,Governor,0003,14,100002544076,ANDRÉ LUIS,ANDRÉ LUÍS CAETANO DOS SANTOS,MISSÃO,direita,party,Válido,True,7905,True
MG,President,0001,22,280002551544,FLAVIO BOLSONARO,FLAVIO NANTES BOLSONARO,PL,direita,party,Válido,True,5777548,True
MG,President,0001,55,280002551932,RONALDO CAIADO,RONALDO RAMOS CAIADO,PSD,centro,party,Válido,True,230423,False
MG,President,0001,13,280002542548,LULA,LUIZ INÁCIO LULA DA SILVA,PT,esquerda,party,Válido,True,5188936,False
MG,President,0001,16,280002541457,HERTZ DIAS,HERTZ DA CONCEICAO DIAS,PSTU,esquerda,party,Válido,True,4085,False
MG,President,0001,21,280002551975,EDMILSON COSTA,EDMILSON SILVA COSTA,PCB,esquerda,party,Válido,True,2300,False
MG,President,0001,27,280002552484,CLARIANA BARAO,CLARIANA ZACARKIM BARAO,DC,direita,party,Válido,True,3411,True
MG,President,0001,30,280002539826,ZEMA,ROMEU ZEMA NETO,NOVO,direita,party,Válido,True,98407,True
MG,President,0001,70,280002551547,ESCRITOR AUGUSTO CURY,AUGUSTO JORGE CURY,AVANTE,centro,party,Válido,True,409737,False
MG,President,0001,35,280002548139,VETERINÁRIO WILSON GRASSI,WILSON GRASSI JUNIOR,DEMOCRATA,direita,party,Válido,True,1732,True
MG,President,0001,80,280002538811,SAMARA,SAMARA MARTINS DA SILVA FEITOSA,UP,esquerda,party,Válido,True,11026,False
MG,President,0001,14,280002540694,RENAN SANTOS,RENAN ANTONIO FERREIRA DOS SANTOS,MISSÃO,direita,party,Válido,True,247209,True
MG,President,0001,29,280002552487,RUI COSTA PIMENTA,RUI COSTA PIMENTA,PCO,esquerda,party,Válido,True,1421,False
MG,Governor,0003,16,130002546802,RAFAEL DUDA,RAFAEL RIBEIRO DE ÁVILA,PSTU,esquerda,party,Válido,True,4764,False
MG,Governor,0003,10,130002552296,CLEITINHO AZEVEDO,CLEITON GONTIJO DE AZEVEDO,REPUBLICANOS,direita,party,Válido,True,6321590,True
MG,Governor,0003,13,130002550464,PATRUS ANANIAS,PATRUS ANANIAS DE SOUSA,PT,esquerda,party,Válido,True,3006088,False
MG,Governor,0003,21,130002544122,PROFESSOR TÚLIO LOPES,TULIO CESAR DIAS LOPES,PCB,esquerda,party,Válido,True,10957,False
MG,Governor,0003,29,130002552308,HENRIQUE ÁREAS,HENRIQUE AREAS DE ARAUJO,PCO,esquerda,party,Anulado sub judice,False,1464,False
MG,Governor,0003,15,130002549557,GABRIEL,GABRIEL SOUSA MARQUES DE AZEVEDO,MDB,centro,party,Válido,True,237051,False
MG,Governor,0003,55,130002541911,MATEUS SIMÕES,MATEUS SIMÕES DE ALMEIDA,PSD,centro,party,Válido,True,530292,False
MG,Governor,0003,12,130002539775,ALEXANDRE KALIL,ALEXANDRE KALIL,PDT,esquerda,party,Válido,True,403466,False
MG,Governor,0003,14,130002544411,BEN MENDES,BENONI BENJAMIN CARDOSO MENDES,MISSÃO,direita,party,Válido,True,80308,True
MG,Governor,0003,22,130002550834,FLÁVIO ROSCOE,FLAVIO ROSCOE NOGUEIRA,PL,direita,party,Válido,True,795193,True
MG,Governor,0003,80,130002547874,INDIRA XAVIER,INDIRA IVANISE XAVIER,UP,esquerda,party,Válido,True,20662,False
MS,President,0001,22,280002551544,FLAVIO BOLSONARO,FLAVIO NANTES BOLSONARO,PL,direita,party,Válido,True,873351,True
MS,President,0001,55,280002551932,RONALDO CAIADO,RONALDO RAMOS CAIADO,PSD,centro,party,Válido,True,23291,False
MS,President,0001,13,280002542548,LULA,LUIZ INÁCIO LULA DA SILVA,PT,esquerda,party,Válido,True,516855,False
MS,President,0001,27,280002552484,CLARIANA BARAO,CLARIANA ZACARKIM BARAO,DC,direita,party,Válido,True,626,True
MS,President,0001,21,280002551975,EDMILSON COSTA,EDMILSON SILVA COSTA,PCB,esquerda,party,Válido,True,332,False
MS,President,0001,16,280002541457,HERTZ DIAS,HERTZ DA CONCEICAO DIAS,PSTU,esquerda,party,Válido,True,353,False
MS,President,0001,70,280002551547,ESCRITOR AUGUSTO CURY,AUGUSTO JORGE CURY,AVANTE,centro,party,Válido,True,39148,False
MS,President,0001,30,280002539826,ZEMA,ROMEU ZEMA NETO,NOVO,direita,party,Válido,True,2792,True
MS,President,0001,80,280002538811,SAMARA,SAMARA MARTINS DA SILVA FEITOSA,UP,esquerda,party,Válido,True,1291,False
MS,President,0001,35,280002548139,VETERINÁRIO WILSON GRASSI,WILSON GRASSI JUNIOR,DEMOCRATA,direita,party,Válido,True,209,True
MS,President,0001,14,280002540694,RENAN SANTOS,RENAN ANTONIO FERREIRA DOS SANTOS,MISSÃO,direita,party,Válido,True,31847,True
MS,President,0001,29,280002552487,RUI COSTA PIMENTA,RUI COSTA PIMENTA,PCO,esquerda,party,Válido,True,183,False
MS,Governor,0003,13,120002539834,FÁBIO TRAD,FABIO RICARDO TRAD,PT,esquerda,party,Válido,True,322807,False
MS,Governor,0003,29,120002552201,DANIEL LEMES,DANIEL LEMES VASQUES,PCO,esquerda,party,Válido,True,2115,False
MS,Governor,0003,30,120002552191,JOÃO HENRIQUE CATAN,JOÃO HENRIQUE MIRANDA SOARES CATAN,NOVO,direita,party,Válido,True,98677,True
MS,Governor,0003,50,120002532257,LUCIEN REZENDE,LUCIEN ROBERTO GARCIA DE REZENDE,PSOL,esquerda,party,Válido,True,4444,False
MS,Governor,0003,11,120002536582,EDUARDO RIEDEL,EDUARDO CORREA RIEDEL,PP,centro-direita,party,Válido,True,914323,True
MS,Governor,0003,25,120002552155,DELCIDIO AMARAL,DELCIDIO DO AMARAL GOMEZ,PRD,centro-direita,party,Válido,True,14431,True
MS,Governor,0003,36,120002550198,JEFERSON BEZERRA,JEFERSON JOSE BEZERRA,AGIR,centro-direita,party,Válido,True,912,True
MS,Governor,0003,27,120002549681,ECONOMISTA RENATO GOMES,RENATO WANDERLEY GOMES,DC,direita,party,Válido,True,5589,True
MT,President,0001,22,280002551544,FLAVIO BOLSONARO,FLAVIO NANTES BOLSONARO,PL,direita,party,Válido,True,1298581,True
MT,President,0001,55,280002551932,RONALDO CAIADO,RONALDO RAMOS CAIADO,PSD,centro,party,Válido,True,33079,False
MT,President,0001,13,280002542548,LULA,LUIZ INÁCIO LULA DA SILVA,PT,esquerda,party,Válido,True,581681,False
MT,President,0001,27,280002552484,CLARIANA BARAO,CLARIANA ZACARKIM BARAO,DC,direita,party,Válido,True,1869,True
MT,President,0001,21,280002551975,EDMILSON COSTA,EDMILSON SILVA COSTA,PCB,esquerda,party,Válido,True,239,False
MT,President,0001,16,280002541457,HERTZ DIAS,HERTZ DA CONCEICAO DIAS,PSTU,esquerda,party,Válido,True,340,False
MT,President,0001,70,280002551547,ESCRITOR AUGUSTO CURY,AUGUSTO JORGE CURY,AVANTE,centro,party,Válido,True,40019,False
MT,President,0001,30,280002539826,ZEMA,ROMEU ZEMA NETO,NOVO,direita,party,Válido,True,2424,True
MT,President,0001,80,280002538811,SAMARA,SAMARA MARTINS DA SILVA FEITOSA,UP,esquerda,party,Válido,True,1584,False
MT,President,0001,35,280002548139,VETERINÁRIO WILSON GRASSI,WILSON GRASSI JUNIOR,DEMOCRATA,direita,party,Válido,True,172,True
MT,President,0001,14,280002540694,RENAN SANTOS,RENAN ANTONIO FERREIRA DOS SANTOS,MISSÃO,direita,party,Válido,True,33170,True
MT,President,0001,29,280002552487,RUI COSTA PIMENTA,RUI COSTA PIMENTA,PCO,esquerda,party,Válido,True,130,False
MT,Governor,0003,55,110002544985,DOUTORA NATASHA,NATASHA SLHESSARENKO FRAIFE BARRETO,PSD,centro,party,Válido,True,281548,False
MT,Governor,0003,10,110002551480,OTAVIANO PIVETTA,OTAVIANO OLAVO PIVETTA,REPUBLICANOS,direita,party,Válido,True,1128099,True
MT,Governor,0003,14,110002543953,RAFAELL MILAS,RAFAELL MILAS DE OLIVEIRA,MISSÃO,direita,party,Válido,True,10300,True
MT,Governor,0003,33,110002553058,MAURICIO COELHO,MAURICIO COELHO DE SOUZA JUNIOR,MOBILIZA,centro-direita,party,Válido,True,2694,True
MT,Governor,0003,36,110002554073,SARGENTO LAUDICÉRIO,LAUDICERIO AGUIAR MACHADO,AGIR,centro-direita,party,Válido,True,3210,True
MT,Governor,0003,22,110002551737,WELLINGTON FAGUNDES,WELLINGTON ANTONIO FAGUNDES,PL,direita,party,Válido,True,430442,True
PA,President,0001,22,280002551544,FLAVIO BOLSONARO,FLAVIO NANTES BOLSONARO,PL,direita,party,Válido,True,2163957,True
PA,President,0001,55,280002551932,RONALDO CAIADO,RONALDO RAMOS CAIADO,PSD,centro,party,Válido,True,51991,False
PA,President,0001,13,280002542548,LULA,LUIZ INÁCIO LULA DA SILVA,PT,esquerda,party,Válido,True,2427237,False
PA,President,0001,27,280002552484,CLARIANA BARAO,CLARIANA ZACARKIM BARAO,DC,direita,party,Válido,True,1293,True
PA,President,0001,21,280002551975,EDMILSON COSTA,EDMILSON SILVA COSTA,PCB,esquerda,party,Válido,True,674,False
PA,President,0001,16,280002541457,HERTZ DIAS,HERTZ DA CONCEICAO DIAS,PSTU,esquerda,party,Válido,True,1045,False
PA,President,0001,70,280002551547,ESCRITOR AUGUSTO CURY,AUGUSTO JORGE CURY,AVANTE,centro,party,Válido,True,125172,False
PA,President,0001,30,280002539826,ZEMA,ROMEU ZEMA NETO,NOVO,direita,party,Válido,True,3064,True
PA,President,0001,80,280002538811,SAMARA,SAMARA MARTINS DA SILVA FEITOSA,UP,esquerda,party,Válido,True,3824,False
PA,President,0001,35,280002548139,VETERINÁRIO WILSON GRASSI,WILSON GRASSI JUNIOR,DEMOCRATA,direita,party,Válido,True,442,True
PA,President,0001,14,280002540694,RENAN SANTOS,RENAN ANTONIO FERREIRA DOS SANTOS,MISSÃO,direita,party,Válido,True,84165,True
PA,President,0001,29,280002552487,RUI COSTA PIMENTA,RUI COSTA PIMENTA,PCO,esquerda,party,Válido,True,308,False
PA,Governor,0003,16,140002554108,WELL MACEDO,WELLINGTA JOSYANE SIQUEIRA MACEDO,PSTU,esquerda,party,Válido,True,2676,False
PA,Governor,0003,80,140002551943,GAL LEITE,GUALDINA MARIA MENEZES LEITE,UP,esquerda,party,Válido,True,5503,False
PA,Governor,0003,50,140002542386,ARACELI,ARACELI MARIA PEREIRA LEMOS,PSOL,esquerda,party,Válido,True,85857,False
PA,Governor,0003,15,140002551598,HANA GHASSAN,HANA GHASSAN TUMA,MDB,centro,party,Válido,True,2125084,False
PA,Governor,0003,20,140002549930,DR. DANIEL,DANIEL BARBOSA SANTOS,PODE,centro-direita,party,Válido,True,2345721,True
PA,Governor,0003,35,140002554434,RUTH REIS,RUTH HELENA FERREIRA REIS,DEMOCRATA,direita,party,Anulado sub judice,False,1987,False
PB,President,0001,22,280002551544,FLAVIO BOLSONARO,FLAVIO NANTES BOLSONARO,PL,direita,party,Válido,True,831377,True
PB,President,0001,55,280002551932,RONALDO CAIADO,RONALDO RAMOS CAIADO,PSD,centro,party,Válido,True,19511,False
PB,President,0001,13,280002542548,LULA,LUIZ INÁCIO LULA DA SILVA,PT,esquerda,party,Válido,True,1541127,False
PB,President,0001,27,280002552484,CLARIANA BARAO,CLARIANA ZACARKIM BARAO,DC,direita,party,Válido,True,604,True
PB,President,0001,21,280002551975,EDMILSON COSTA,EDMILSON SILVA COSTA,PCB,esquerda,party,Válido,True,347,False
PB,President,0001,16,280002541457,HERTZ DIAS,HERTZ DA CONCEICAO DIAS,PSTU,esquerda,party,Válido,True,627,False
PB,President,0001,70,280002551547,ESCRITOR AUGUSTO CURY,AUGUSTO JORGE CURY,AVANTE,centro,party,Válido,True,73831,False
PB,President,0001,30,280002539826,ZEMA,ROMEU ZEMA NETO,NOVO,direita,party,Válido,True,1988,True
PB,President,0001,80,280002538811,SAMARA,SAMARA MARTINS DA SILVA FEITOSA,UP,esquerda,party,Válido,True,1593,False
PB,President,0001,35,280002548139,VETERINÁRIO WILSON GRASSI,WILSON GRASSI JUNIOR,DEMOCRATA,direita,party,Válido,True,221,True
PB,President,0001,14,280002540694,RENAN SANTOS,RENAN ANTONIO FERREIRA DOS SANTOS,MISSÃO,direita,party,Válido,True,42247,True
PB,President,0001,29,280002552487,RUI COSTA PIMENTA,RUI COSTA PIMENTA,PCO,esquerda,party,Válido,True,274,False
PB,Governor,0003,15,150002544133,CÍCERO LUCENA,CICERO DE LUCENA FILHO,MDB,centro,party,Válido,True,252884,False
PB,Governor,0003,29,150002552603,CAMILO DUARTE,CAMILO SOBREIRA DUARTE FILHO,PCO,esquerda,party,Válido,True,2378,False
PB,Governor,0003,11,150002551789,LUCAS RIBEIRO,LUCAS RIBEIRO NOVAIS DE ARAUJO,PP,centro-direita,party,Válido,True,1470252,True
PB,Governor,0003,80,150002540204,YURI EZEQUIEL,YURI EZEQUIEL DE LIMA SILVA,UP,esquerda,party,Válido,True,8272,False
PB,Governor,0003,22,150002538692,EFRAIM FILHO,EFRAIM DE ARAUJO MORAIS FILHO,PL,direita,party,Válido,True,552836,True
PE,President,0001,22,280002551544,FLAVIO BOLSONARO,FLAVIO NANTES BOLSONARO,PL,direita,party,Válido,True,1738043,True
PE,President,0001,55,280002551932,RONALDO CAIADO,RONALDO RAMOS CAIADO,PSD,centro,party,Válido,True,73176,False
PE,President,0001,13,280002542548,LULA,LUIZ INÁCIO LULA DA SILVA,PT,esquerda,party,Válido,True,3553971,False
PE,President,0001,27,280002552484,CLARIANA BARAO,CLARIANA ZACARKIM BARAO,DC,direita,party,Válido,True,869,True
PE,President,0001,21,280002551975,EDMILSON COSTA,EDMILSON SILVA COSTA,PCB,esquerda,party,Válido,True,705,False
PE,President,0001,16,280002541457,HERTZ DIAS,HERTZ DA CONCEICAO DIAS,PSTU,esquerda,party,Válido,True,1114,False
PE,President,0001,70,280002551547,ESCRITOR AUGUSTO CURY,AUGUSTO JORGE CURY,AVANTE,centro,party,Válido,True,137960,False
PE,President,0001,30,280002539826,ZEMA,ROMEU ZEMA NETO,NOVO,direita,party,Válido,True,6060,True
PE,President,0001,80,280002538811,SAMARA,SAMARA MARTINS DA SILVA FEITOSA,UP,esquerda,party,Válido,True,2387,False
PE,President,0001,35,280002548139,VETERINÁRIO WILSON GRASSI,WILSON GRASSI JUNIOR,DEMOCRATA,direita,party,Válido,True,457,True
PE,President,0001,14,280002540694,RENAN SANTOS,RENAN ANTONIO FERREIRA DOS SANTOS,MISSÃO,direita,party,Válido,True,85865,True
PE,President,0001,29,280002552487,RUI COSTA PIMENTA,RUI COSTA PIMENTA,PCO,esquerda,party,Válido,True,410,False
PE,Governor,0003,55,170002537227,RAQUEL LYRA,RAQUEL TEIXEIRA LYRA LUCENA,PSD,centro,party,Válido,True,2805438,False
PE,Governor,0003,50,170002538097,IVAN MORAES,IVAN VASCONCELLOS DE MORAES FILHO,PSOL,esquerda,party,Válido,True,77699,False
PE,Governor,0003,16,170002536575,GUILHERME FONSECA,GUILHERME FONSECA,PSTU,esquerda,party,Válido,True,987,False
PE,Governor,0003,29,170002552776,VICTOR ASSIS,VICTOR ASSIS DA SILVA,PCO,esquerda,party,Válido,True,424,False
PE,Governor,0003,80,170002537320,PROFESSORA CAMILA,MARIA CAMILA DA SILVA FALCÃO,UP,esquerda,party,Válido,True,3495,False
PE,Governor,0003,14,170002540337,RENAN,RENAN LUCIO SANT ANNA HALLAIS,MISSÃO,direita,party,Válido,True,18340,True
PE,Governor,0003,40,170002537230,JOÃO CAMPOS,JOÃO HENRIQUE DE ANDRADE LIMA CAMPOS,PSB,esquerda,party,Válido,True,2360469,False
PI,President,0001,22,280002551544,FLAVIO BOLSONARO,FLAVIO NANTES BOLSONARO,PL,direita,party,Válido,True,517028,True
PI,President,0001,55,280002551932,RONALDO CAIADO,RONALDO RAMOS CAIADO,PSD,centro,party,Válido,True,21629,False
PI,President,0001,13,280002542548,LULA,LUIZ INÁCIO LULA DA SILVA,PT,esquerda,party,Válido,True,1523710,False
PI,President,0001,27,280002552484,CLARIANA BARAO,CLARIANA ZACARKIM BARAO,DC,direita,party,Válido,True,504,True
PI,President,0001,21,280002551975,EDMILSON COSTA,EDMILSON SILVA COSTA,PCB,esquerda,party,Válido,True,319,False
PI,President,0001,16,280002541457,HERTZ DIAS,HERTZ DA CONCEICAO DIAS,PSTU,esquerda,party,Válido,True,443,False
PI,President,0001,70,280002551547,ESCRITOR AUGUSTO CURY,AUGUSTO JORGE CURY,AVANTE,centro,party,Válido,True,47692,False
PI,President,0001,30,280002539826,ZEMA,ROMEU ZEMA NETO,NOVO,direita,party,Válido,True,1357,True
PI,President,0001,80,280002538811,SAMARA,SAMARA MARTINS DA SILVA FEITOSA,UP,esquerda,party,Válido,True,1099,False
PI,President,0001,35,280002548139,VETERINÁRIO WILSON GRASSI,WILSON GRASSI JUNIOR,DEMOCRATA,direita,party,Válido,True,193,True
PI,President,0001,14,280002540694,RENAN SANTOS,RENAN ANTONIO FERREIRA DOS SANTOS,MISSÃO,direita,party,Válido,True,32274,True
PI,President,0001,29,280002552487,RUI COSTA PIMENTA,RUI COSTA PIMENTA,PCO,esquerda,party,Válido,True,146,False
PI,Governor,0003,30,180002549920,ELIZEU AGUIAR,ELIZEU MORAIS DE AGUIAR,NOVO,direita,party,Válido,True,5141,True
PI,Governor,0003,27,180002548565,PROFESSOR JURITY,FRANCISCO JOSÉ MARTINS JURITY,DC,direita,party,Anulado sub judice,False,1102,False
PI,Governor,0003,35,180002548388,RAVENNA DA INCLUSÃO,RAVENNA DE CASTRO LIMA AZEVEDO,DEMOCRATA,direita,party,Anulado sub judice,False,819,False
PI,Governor,0003,45,180002544216,DRA. LÚCIA SANTOS,LÚCIA MARIA DE SOUSA AGUIAR DOS SANTOS,PSDB,centro-esquerda,party,Válido,True,9611,False
PI,Governor,0003,50,180002549970,PROFESSOR GISVALDO,GISVALDO OLIVEIRA DA SILVA,PSOL,esquerda,party,Válido,True,10002,False
PI,Governor,0003,80,180002549995,SANTIAGO BELIZÁRIO,JOSÉ SANTIAGO BELIZÁRIO,UP,esquerda,party,Válido,True,1777,False
PI,Governor,0003,16,180002537422,GERALDO CARVALHO,GERALDO DO NASCIMENTO CARVALHO,PSTU,esquerda,party,Anulado sub judice,False,1858,False
PI,Governor,0003,11,180002538530,JOEL RODRIGUES,JOEL RODRIGUES DA SILVA,PP,centro-direita,party,Válido,True,557972,True
PI,Governor,0003,13,180002532987,RAFAEL FONTELES,RAFAEL TAJRA FONTELES,PT,esquerda,party,Válido,True,1436697,False
PI,Governor,0003,29,180002553722,LOURDES MELO,MARIA DE LOURDES SOARES MELO,PCO,esquerda,party,Anulado sub judice,False,1296,False
PR,President,0001,22,280002551544,FLAVIO BOLSONARO,FLAVIO NANTES BOLSONARO,PL,direita,party,Válido,True,3945345,True
PR,President,0001,55,280002551932,RONALDO CAIADO,RONALDO RAMOS CAIADO,PSD,centro,party,Válido,True,171294,False
PR,President,0001,13,280002542548,LULA,LUIZ INÁCIO LULA DA SILVA,PT,esquerda,party,Válido,True,2054597,False
PR,President,0001,27,280002552484,CLARIANA BARAO,CLARIANA ZACARKIM BARAO,DC,direita,party,Válido,True,2445,True
PR,President,0001,21,280002551975,EDMILSON COSTA,EDMILSON SILVA COSTA,PCB,esquerda,party,Válido,True,1195,False
PR,President,0001,16,280002541457,HERTZ DIAS,HERTZ DA CONCEICAO DIAS,PSTU,esquerda,party,Válido,True,2056,False
PR,President,0001,70,280002551547,ESCRITOR AUGUSTO CURY,AUGUSTO JORGE CURY,AVANTE,centro,party,Válido,True,205095,False
PR,President,0001,30,280002539826,ZEMA,ROMEU ZEMA NETO,NOVO,direita,party,Válido,True,17172,True
PR,President,0001,80,280002538811,SAMARA,SAMARA MARTINS DA SILVA FEITOSA,UP,esquerda,party,Válido,True,6731,False
PR,President,0001,35,280002548139,VETERINÁRIO WILSON GRASSI,WILSON GRASSI JUNIOR,DEMOCRATA,direita,party,Válido,True,962,True
PR,President,0001,14,280002540694,RENAN SANTOS,RENAN ANTONIO FERREIRA DOS SANTOS,MISSÃO,direita,party,Válido,True,177434,True
PR,President,0001,29,280002552487,RUI COSTA PIMENTA,RUI COSTA PIMENTA,PCO,esquerda,party,Válido,True,917,False
PR,Governor,0003,55,160002549553,SANDRO ALEX,SANDRO ALEX CRUZ DE OLIVEIRA,PSD,centro,party,Válido,True,1583764,False
PR,Governor,0003,29,160002552560,ADRIANO FUNILEIRO,ADRIANO TEIXEIRA,PCO,esquerda,party,Anulado sub judice,False,1525,False
PR,Governor,0003,12,160002547666,REQUIÃO FILHO,MAURICIO THADEU DE MELLO E SILVA,PDT,esquerda,party,Válido,True,1465601,False
PR,Governor,0003,14,160002551353,LUIZ FRANÇA,LUIZ FELIPE MARTINS FRANCA,MISSÃO,direita,party,Válido,True,44581,True
PR,Governor,0003,22,160002540833,SERGIO MORO,SERGIO FERNANDO MORO,PL,direita,party,Válido,True,3127911,True
PR,Governor,0003,33,160002547594,DOUTOR ALEXANDRE SALOMÃO,ALEXANDRE SALOMAO,MOBILIZA,centro-direita,party,Válido,True,4144,True
PR,Governor,0003,80,160002550997,TAYNÁ MIESSA,TAYNA MIESSA TSUSHIDA,UP,esquerda,party,Válido,True,14193,False
PR,Governor,0003,16,160002548010,SAMUEL DE MATTOS,SAMUEL DE MATTOS FIGUEIREDO,PSTU,esquerda,party,Válido,True,2080,False
RJ,President,0001,22,280002551544,FLAVIO BOLSONARO,FLAVIO NANTES BOLSONARO,PL,direita,party,Válido,True,4966844,True
RJ,President,0001,55,280002551932,RONALDO CAIADO,RONALDO RAMOS CAIADO,PSD,centro,party,Válido,True,199844,False
RJ,President,0001,13,280002542548,LULA,LUIZ INÁCIO LULA DA SILVA,PT,esquerda,party,Válido,True,3693021,False
RJ,President,0001,16,280002541457,HERTZ DIAS,HERTZ DA CONCEICAO DIAS,PSTU,esquerda,party,Válido,True,3999,False
RJ,President,0001,21,280002551975,EDMILSON COSTA,EDMILSON SILVA COSTA,PCB,esquerda,party,Válido,True,2854,False
RJ,President,0001,27,280002552484,CLARIANA BARAO,CLARIANA ZACARKIM BARAO,DC,direita,party,Válido,True,4082,True
RJ,President,0001,30,280002539826,ZEMA,ROMEU ZEMA NETO,NOVO,direita,party,Válido,True,21907,True
RJ,President,0001,70,280002551547,ESCRITOR AUGUSTO CURY,AUGUSTO JORGE CURY,AVANTE,centro,party,Válido,True,247397,False
RJ,President,0001,35,280002548139,VETERINÁRIO WILSON GRASSI,WILSON GRASSI JUNIOR,DEMOCRATA,direita,party,Válido,True,1930,True
RJ,President,0001,80,280002538811,SAMARA,SAMARA MARTINS DA SILVA FEITOSA,UP,esquerda,party,Válido,True,14186,False
RJ,President,0001,14,280002540694,RENAN SANTOS,RENAN ANTONIO FERREIRA DOS SANTOS,MISSÃO,direita,party,Válido,True,211843,True
RJ,President,0001,29,280002552487,RUI COSTA PIMENTA,RUI COSTA PIMENTA,PCO,esquerda,party,Válido,True,1793,False
RJ,Governor,0003,22,190002542887,DOUGLAS RUAS,DOUGLAS RUAS DOS SANTOS,PL,direita,party,Válido,True,4271199,True
RJ,Governor,0003,30,190002537524,ANDRÉ MARINHO,ANDRÉ BOURGUIGNON MARINHO,NOVO,direita,party,Válido,True,45359,True
RJ,Governor,0003,29,190002552513,LUAN MONTEIRO,LUAN MONTEIRO PASCHOAL PIRES,PCO,esquerda,party,Válido,True,2777,False
RJ,Governor,0003,55,190002543380,EDUARDO PAES,EDUARDO DA COSTA PAES,PSD,centro,party,Válido,True,3706984,False
RJ,Governor,0003,80,190002547272,JULIETE,JULIETE PANTOJA ALVES,UP,esquerda,party,Válido,True,33430,False
RJ,Governor,0003,50,190002536162,WILLIAM SIRI,WILLIAM CARLOS BRUM BISPO,PSOL,esquerda,party,Válido,True,235347,False
RJ,Governor,0003,10,190002550196,GAROTINHO,ANTHONY WILLIAM GAROTINHO MATHEUS DE OLIVEIRA,REPUBLICANOS,direita,party,Anulado sub judice,False,274411,False
RJ,Governor,0003,14,190002544120,CORONEL BUSNELLO,JOÃO JACQUES SOARES BUSNELLO,MISSÃO,direita,party,Válido,True,84889,True
RJ,Governor,0003,16,190002540198,CYRO GARCIA,CYRO GARCIA,PSTU,esquerda,party,Válido,True,14642,False
RN,President,0001,22,280002551544,FLAVIO BOLSONARO,FLAVIO NANTES BOLSONARO,PL,direita,party,Válido,True,720493,True
RN,President,0001,55,280002551932,RONALDO CAIADO,RONALDO RAMOS CAIADO,PSD,centro,party,Válido,True,16407,False
RN,President,0001,13,280002542548,LULA,LUIZ INÁCIO LULA DA SILVA,PT,esquerda,party,Válido,True,1237963,False
RN,President,0001,16,280002541457,HERTZ DIAS,HERTZ DA CONCEICAO DIAS,PSTU,esquerda,party,Válido,True,572,False
RN,President,0001,21,280002551975,EDMILSON COSTA,EDMILSON SILVA COSTA,PCB,esquerda,party,Válido,True,315,False
RN,President,0001,27,280002552484,CLARIANA BARAO,CLARIANA ZACARKIM BARAO,DC,direita,party,Válido,True,405,True
RN,President,0001,30,280002539826,ZEMA,ROMEU ZEMA NETO,NOVO,direita,party,Válido,True,1525,True
RN,President,0001,70,280002551547,ESCRITOR AUGUSTO CURY,AUGUSTO JORGE CURY,AVANTE,centro,party,Válido,True,57367,False
RN,President,0001,35,280002548139,VETERINÁRIO WILSON GRASSI,WILSON GRASSI JUNIOR,DEMOCRATA,direita,party,Válido,True,185,True
RN,President,0001,80,280002538811,SAMARA,SAMARA MARTINS DA SILVA FEITOSA,UP,esquerda,party,Válido,True,1228,False
RN,President,0001,14,280002540694,RENAN SANTOS,RENAN ANTONIO FERREIRA DOS SANTOS,MISSÃO,direita,party,Válido,True,35261,True
RN,President,0001,29,280002552487,RUI COSTA PIMENTA,RUI COSTA PIMENTA,PCO,esquerda,party,Válido,True,177,False
RN,Governor,0003,36,200002546756,RODRIGO DE BOLSONARO,KARLO RODRIGO LUCIO VIEIRA,AGIR,centro-direita,party,Válido,True,434,True
RN,Governor,0003,27,200002554482,GODEIRO LINHARESS,GLADYER LINHARES GODEIRO,DC,direita,party,Válido,True,464,True
RN,Governor,0003,80,200002547826,ARINALDA DO MLB,ARINALDA VASCONCELOS DE MEDEIROS,UP,esquerda,party,Válido,True,1466,False
RN,Governor,0003,13,200002534001,CADU DE LULA,CARLOS EDUARDO XAVIER,PT,esquerda,party,Válido,True,718300,False
RN,Governor,0003,16,200002542481,DÁRIO BARBOSA,DARIO BARBOSA DE MELO,PSTU,esquerda,party,Válido,True,1388,False
RN,Governor,0003,22,200002534442,ÁLVARO DIAS,ÁLVARO COSTA DIAS,PL,direita,party,Válido,True,530580,True
RN,Governor,0003,44,200002535255,ALLYSON,ALLYSON LEANDRO BEZERRA SILVA,UNIÃO,centro-direita,party,Válido,True,733809,True
RN,Governor,0003,29,200002553301,HENRIQUE LYRA,HENRIQUE OTHON COSTA DE LYRA,PCO,esquerda,party,Anulado sub judice,False,227,False
RO,President,0001,22,280002551544,FLAVIO BOLSONARO,FLAVIO NANTES BOLSONARO,PL,direita,party,Válido,True,652988,True
RO,President,0001,55,280002551932,RONALDO CAIADO,RONALDO RAMOS CAIADO,PSD,centro,party,Válido,True,16929,False
RO,President,0001,13,280002542548,LULA,LUIZ INÁCIO LULA DA SILVA,PT,esquerda,party,Válido,True,250667,False
RO,President,0001,27,280002552484,CLARIANA BARAO,CLARIANA ZACARKIM BARAO,DC,direita,party,Válido,True,356,True
RO,President,0001,21,280002551975,EDMILSON COSTA,EDMILSON SILVA COSTA,PCB,esquerda,party,Válido,True,160,False
RO,President,0001,16,280002541457,HERTZ DIAS,HERTZ DA CONCEICAO DIAS,PSTU,esquerda,party,Válido,True,174,False
RO,President,0001,70,280002551547,ESCRITOR AUGUSTO CURY,AUGUSTO JORGE CURY,AVANTE,centro,party,Válido,True,25280,False
RO,President,0001,30,280002539826,ZEMA,ROMEU ZEMA NETO,NOVO,direita,party,Válido,True,1318,True
RO,President,0001,80,280002538811,SAMARA,SAMARA MARTINS DA SILVA FEITOSA,UP,esquerda,party,Válido,True,843,False
RO,President,0001,35,280002548139,VETERINÁRIO WILSON GRASSI,WILSON GRASSI JUNIOR,DEMOCRATA,direita,party,Válido,True,97,True
RO,President,0001,14,280002540694,RENAN SANTOS,RENAN ANTONIO FERREIRA DOS SANTOS,MISSÃO,direita,party,Válido,True,19187,True
RO,President,0001,29,280002552487,RUI COSTA PIMENTA,RUI COSTA PIMENTA,PCO,esquerda,party,Válido,True,60,False
RO,Governor,0003,55,220002536806,ADAILTON FURIA,ADAILTON ANTUNES FERREIRA,PSD,centro,party,Válido,True,189547,False
RO,Governor,0003,44,220002542916,HILDON CHAVES,HILDON DE LIMA CHAVES,UNIÃO,centro-direita,party,Válido,True,134355,True
RO,Governor,0003,40,220002550927,SAMUEL COSTA,SAMUEL COSTA MENEZES,PSB,esquerda,party,Válido,True,4344,False
RO,Governor,0003,22,220002541939,MARCOS ROGÉRIO,MARCOS ROGERIO DA SILVA BRITO,PL,direita,party,Válido,True,537370,True
RO,Governor,0003,13,220002542185,EXPEDITO NETTO,EXPEDITO GONCALVES FERREIRA NETTO,PT,esquerda,party,Válido,True,72851,False
RO,Governor,0003,15,220002551251,PEDRO ABIB,PEDRO ABIB HECKTHEUER,MDB,centro,party,Válido,True,6591,False
RR,President,0001,22,280002551544,FLAVIO BOLSONARO,FLAVIO NANTES BOLSONARO,PL,direita,party,Válido,True,231322,True
RR,President,0001,55,280002551932,RONALDO CAIADO,RONALDO RAMOS CAIADO,PSD,centro,party,Válido,True,3639,False
RR,President,0001,13,280002542548,LULA,LUIZ INÁCIO LULA DA SILVA,PT,esquerda,party,Válido,True,74420,False
RR,President,0001,27,280002552484,CLARIANA BARAO,CLARIANA ZACARKIM BARAO,DC,direita,party,Válido,True,168,True
RR,President,0001,21,280002551975,EDMILSON COSTA,EDMILSON SILVA COSTA,PCB,esquerda,party,Válido,True,42,False
RR,President,0001,16,280002541457,HERTZ DIAS,HERTZ DA CONCEICAO DIAS,PSTU,esquerda,party,Válido,True,60,False
RR,President,0001,70,280002551547,ESCRITOR AUGUSTO CURY,AUGUSTO JORGE CURY,AVANTE,centro,party,Válido,True,8579,False
RR,President,0001,30,280002539826,ZEMA,ROMEU ZEMA NETO,NOVO,direita,party,Válido,True,337,True
RR,President,0001,80,280002538811,SAMARA,SAMARA MARTINS DA SILVA FEITOSA,UP,esquerda,party,Válido,True,280,False
RR,President,0001,35,280002548139,VETERINÁRIO WILSON GRASSI,WILSON GRASSI JUNIOR,DEMOCRATA,direita,party,Válido,True,41,True
RR,President,0001,14,280002540694,RENAN SANTOS,RENAN ANTONIO FERREIRA DOS SANTOS,MISSÃO,direita,party,Válido,True,6623,True
RR,President,0001,29,280002552487,RUI COSTA PIMENTA,RUI COSTA PIMENTA,PCO,esquerda,party,Válido,True,34,False
RR,Governor,0003,77,230002549294,FARAH MESQUITA,FARAH MESQUITA,SOLIDARIEDADE,centro-esquerda,party,Válido,True,213,False
RR,Governor,0003,50,230002552060,ROSI AIRES,ROSIMAYRE PATRICIA AIRES DA SILVA,PSOL,esquerda,party,Válido,True,4880,False
RR,Governor,0003,29,230002553857,CLÉBIO GENUÍNO,JOSE CLEBIO GENUINO DO NASCIMENTO,PCO,esquerda,party,Anulado sub judice,False,77,False
RR,Governor,0003,22,230002549223,ARTHUR HENRIQUE,ARTHUR HENRIQUE BRANDAO MACHADO,PL,direita,party,Válido,True,220809,True
RR,Governor,0003,10,230002551571,SOLDADO SAMPAIO,FRANCISCO DOS SANTOS SAMPAIO,REPUBLICANOS,direita,party,Válido,True,93434,True
RS,President,0001,22,280002551544,FLAVIO BOLSONARO,FLAVIO NANTES BOLSONARO,PL,direita,party,Válido,True,3573783,True
RS,President,0001,55,280002551932,RONALDO CAIADO,RONALDO RAMOS CAIADO,PSD,centro,party,Válido,True,158821,False
RS,President,0001,13,280002542548,LULA,LUIZ INÁCIO LULA DA SILVA,PT,esquerda,party,Válido,True,2294759,False
RS,President,0001,27,280002552484,CLARIANA BARAO,CLARIANA ZACARKIM BARAO,DC,direita,party,Válido,True,2066,True
RS,President,0001,21,280002551975,EDMILSON COSTA,EDMILSON SILVA COSTA,PCB,esquerda,party,Válido,True,1031,False
RS,President,0001,16,280002541457,HERTZ DIAS,HERTZ DA CONCEICAO DIAS,PSTU,esquerda,party,Válido,True,2146,False
RS,President,0001,70,280002551547,ESCRITOR AUGUSTO CURY,AUGUSTO JORGE CURY,AVANTE,centro,party,Válido,True,195296,False
RS,President,0001,30,280002539826,ZEMA,ROMEU ZEMA NETO,NOVO,direita,party,Válido,True,18988,True
RS,President,0001,80,280002538811,SAMARA,SAMARA MARTINS DA SILVA FEITOSA,UP,esquerda,party,Válido,True,6632,False
RS,President,0001,35,280002548139,VETERINÁRIO WILSON GRASSI,WILSON GRASSI JUNIOR,DEMOCRATA,direita,party,Válido,True,923,True
RS,President,0001,14,280002540694,RENAN SANTOS,RENAN ANTONIO FERREIRA DOS SANTOS,MISSÃO,direita,party,Válido,True,167558,True
RS,President,0001,29,280002552487,RUI COSTA PIMENTA,RUI COSTA PIMENTA,PCO,esquerda,party,Válido,True,1043,False
RS,Governor,0003,15,210002542892,GABRIEL SOUZA,GABRIEL VIEIRA DE SOUZA,MDB,centro,party,Válido,True,510698,False
RS,Governor,0003,12,210002551508,JULIANA BRIZOLA,JULIANA BRIZOLA,PDT,esquerda,party,Válido,True,1917374,False
RS,Governor,0003,16,210002541367,REJANE DE OLIVEIRA,REJANE SILVA DE OLIVEIRA,PSTU,esquerda,party,Válido,True,3492,False
RS,Governor,0003,80,210002533355,PRISCILA VOIGT,PRISCILA VOIGT SEVERIANO,UP,esquerda,party,Válido,True,5716,False
RS,Governor,0003,22,210002547857,ZUCCO,LUCIANO LORENZINI ZUCCO,PL,direita,party,Válido,True,3516048,True
RS,Governor,0003,45,210002535802,MARCELO MARANATA,MARCELO MARANATA SOARES REINALDO,PSDB,centro-esquerda,party,Válido,True,101978,False
RS,Governor,0003,29,210002552592,CESAR PONTES,CESAR AUGUSTO PONTES FERREIRA,PCO,esquerda,party,Anulado sub judice,False,2137,False
SC,President,0001,22,280002551544,FLAVIO BOLSONARO,FLAVIO NANTES BOLSONARO,PL,direita,party,Válido,True,3000020,True
SC,President,0001,55,280002551932,RONALDO CAIADO,RONALDO RAMOS CAIADO,PSD,centro,party,Válido,True,79911,False
SC,President,0001,13,280002542548,LULA,LUIZ INÁCIO LULA DA SILVA,PT,esquerda,party,Válido,True,1127168,False
SC,President,0001,16,280002541457,HERTZ DIAS,HERTZ DA CONCEICAO DIAS,PSTU,esquerda,party,Válido,True,1503,False
SC,President,0001,21,280002551975,EDMILSON COSTA,EDMILSON SILVA COSTA,PCB,esquerda,party,Válido,True,828,False
SC,President,0001,27,280002552484,CLARIANA BARAO,CLARIANA ZACARKIM BARAO,DC,direita,party,Válido,True,1429,True
SC,President,0001,30,280002539826,ZEMA,ROMEU ZEMA NETO,NOVO,direita,party,Válido,True,16718,True
SC,President,0001,70,280002551547,ESCRITOR AUGUSTO CURY,AUGUSTO JORGE CURY,AVANTE,centro,party,Válido,True,134273,False
SC,President,0001,35,280002548139,VETERINÁRIO WILSON GRASSI,WILSON GRASSI JUNIOR,DEMOCRATA,direita,party,Válido,True,560,True
SC,President,0001,80,280002538811,SAMARA,SAMARA MARTINS DA SILVA FEITOSA,UP,esquerda,party,Válido,True,5049,False
SC,President,0001,14,280002540694,RENAN SANTOS,RENAN ANTONIO FERREIRA DOS SANTOS,MISSÃO,direita,party,Válido,True,132795,True
SC,President,0001,29,280002552487,RUI COSTA PIMENTA,RUI COSTA PIMENTA,PCO,esquerda,party,Válido,True,643,False
SC,Governor,0003,55,240002551001,JOÃO RODRIGUES,JOAO RODRIGUES,PSD,centro,party,Válido,True,569263,False
SC,Governor,0003,80,240002550544,LAÍS CHAUD,LAÍS PAGANELLI CHAUD,UP,esquerda,party,Válido,True,21252,False
SC,Governor,0003,29,240002553718,BRUNO PEDREIRO DO PCO,BRUNNO ANDRADE DIAS,PCO,esquerda,party,Válido,True,2413,False
SC,Governor,0003,25,240002552157,RALF ZIMMER,RALF GUIMARAES ZIMMER JUNIOR,PRD,centro-direita,party,Válido,True,9000,True
SC,Governor,0003,40,240002548628,GELSON MERÍSIO,GELSON LUIZ MERISIO,PSB,esquerda,party,Válido,True,668021,False
SC,Governor,0003,22,240002537073,JORGINHO MELLO,JORGINHO DOS SANTOS MELLO,PL,direita,party,Válido,True,2942386,True
SC,Governor,0003,16,240002541913,PROFESSOR MARCUS SODRÉ,MARCUS ALEXANDRE SODRE,PSTU,esquerda,party,Válido,True,6682,False
SC,Governor,0003,14,240002544118,MARCELO BRIGADEIRO,MARCELO MARCEL FRANCO JOSE DA SILVA,MISSÃO,direita,party,Válido,True,46624,True
SE,President,0001,22,280002551544,FLAVIO BOLSONARO,FLAVIO NANTES BOLSONARO,PL,direita,party,Válido,True,417839,True
SE,President,0001,55,280002551932,RONALDO CAIADO,RONALDO RAMOS CAIADO,PSD,centro,party,Válido,True,26651,False
SE,President,0001,13,280002542548,LULA,LUIZ INÁCIO LULA DA SILVA,PT,esquerda,party,Válido,True,856019,False
SE,President,0001,27,280002552484,CLARIANA BARAO,CLARIANA ZACARKIM BARAO,DC,direita,party,Válido,True,457,True
SE,President,0001,21,280002551975,EDMILSON COSTA,EDMILSON SILVA COSTA,PCB,esquerda,party,Válido,True,204,False
SE,President,0001,16,280002541457,HERTZ DIAS,HERTZ DA CONCEICAO DIAS,PSTU,esquerda,party,Válido,True,331,False
SE,President,0001,70,280002551547,ESCRITOR AUGUSTO CURY,AUGUSTO JORGE CURY,AVANTE,centro,party,Válido,True,38895,False
SE,President,0001,30,280002539826,ZEMA,ROMEU ZEMA NETO,NOVO,direita,party,Válido,True,1158,True
SE,President,0001,80,280002538811,SAMARA,SAMARA MARTINS DA SILVA FEITOSA,UP,esquerda,party,Válido,True,991,False
SE,President,0001,35,280002548139,VETERINÁRIO WILSON GRASSI,WILSON GRASSI JUNIOR,DEMOCRATA,direita,party,Válido,True,138,True
SE,President,0001,14,280002540694,RENAN SANTOS,RENAN ANTONIO FERREIRA DOS SANTOS,MISSÃO,direita,party,Válido,True,21405,True
SE,President,0001,29,280002552487,RUI COSTA PIMENTA,RUI COSTA PIMENTA,PCO,esquerda,party,Válido,True,108,False
SE,Governor,0003,27,260002550683,TATY  CRISTINA DE JESUS,TATIANA CRISTINA SANTOS DE JESUS,DC,direita,party,Válido,True,2728,True
SE,Governor,0003,55,260002542491,FÁBIO,FABIO CRUZ MITIDIERI,PSD,centro,party,Válido,True,727291,False
SE,Governor,0003,10,260002532010,VALMIR DE FRANCISQUINHO,VALMIR DOS SANTOS COSTA,REPUBLICANOS,direita,party,Válido,True,459908,True
SE,Governor,0003,50,260002547415,DR. HELTON,JOSE HELTON SILVA MONTEIRO,PSOL,esquerda,party,Anulado sub judice,False,37081,False
SP,President,0001,22,280002551544,FLAVIO BOLSONARO,FLAVIO NANTES BOLSONARO,PL,direita,party,Válido,True,12922023,True
SP,President,0001,55,280002551932,RONALDO CAIADO,RONALDO RAMOS CAIADO,PSD,centro,party,Válido,True,579571,False
SP,President,0001,13,280002542548,LULA,LUIZ INÁCIO LULA DA SILVA,PT,esquerda,party,Válido,True,9505413,False
SP,President,0001,16,280002541457,HERTZ DIAS,HERTZ DA CONCEICAO DIAS,PSTU,esquerda,party,Válido,True,15815,False
SP,President,0001,21,280002551975,EDMILSON COSTA,EDMILSON SILVA COSTA,PCB,esquerda,party,Válido,True,6129,False
SP,President,0001,27,280002552484,CLARIANA BARAO,CLARIANA ZACARKIM BARAO,DC,direita,party,Válido,True,10563,True
SP,President,0001,30,280002539826,ZEMA,ROMEU ZEMA NETO,NOVO,direita,party,Válido,True,94635,True
SP,President,0001,70,280002551547,ESCRITOR AUGUSTO CURY,AUGUSTO JORGE CURY,AVANTE,centro,party,Válido,True,892368,False
SP,President,0001,35,280002548139,VETERINÁRIO WILSON GRASSI,WILSON GRASSI JUNIOR,DEMOCRATA,direita,party,Válido,True,5160,True
SP,President,0001,80,280002538811,SAMARA,SAMARA MARTINS DA SILVA FEITOSA,UP,esquerda,party,Válido,True,42532,False
SP,President,0001,14,280002540694,RENAN SANTOS,RENAN ANTONIO FERREIRA DOS SANTOS,MISSÃO,direita,party,Válido,True,804310,True
SP,President,0001,29,280002552487,RUI COSTA PIMENTA,RUI COSTA PIMENTA,PCO,esquerda,party,Válido,True,4429,False
SP,Governor,0003,10,250002541303,TARCÍSIO,TARCISIO GOMES DE FREITAS,REPUBLICANOS,direita,party,Válido,True,14491874,True
SP,Governor,0003,13,250002549705,FERNANDO HADDAD,FERNANDO HADDAD,PT,esquerda,party,Válido,True,8423656,False
SP,Governor,0003,80,250002544912,VIVIAN MENDES,VIVIAN MENDES DA SILVA,UP,esquerda,party,Válido,True,80480,False
SP,Governor,0003,16,250002536915,VERA LÚCIA,VERA LÚCIA PEREIRA DA SILVA SALGADO,PSTU,esquerda,party,Válido,True,75641,False
SP,Governor,0003,21,250002550913,CARLOS MACHADO,CARLOS ALBERTO MACHADO,PCB,esquerda,party,Válido,True,58862,False
TO,President,0001,22,280002551544,FLAVIO BOLSONARO,FLAVIO NANTES BOLSONARO,PL,direita,party,Válido,True,469321,True
TO,President,0001,55,280002551932,RONALDO CAIADO,RONALDO RAMOS CAIADO,PSD,centro,party,Válido,True,20189,False
TO,President,0001,13,280002542548,LULA,LUIZ INÁCIO LULA DA SILVA,PT,esquerda,party,Válido,True,404009,False
TO,President,0001,27,280002552484,CLARIANA BARAO,CLARIANA ZACARKIM BARAO,DC,direita,party,Válido,True,171,True
TO,President,0001,21,280002551975,EDMILSON COSTA,EDMILSON SILVA COSTA,PCB,esquerda,party,Válido,True,117,False
TO,President,0001,16,280002541457,HERTZ DIAS,HERTZ DA CONCEICAO DIAS,PSTU,esquerda,party,Válido,True,101,False
TO,President,0001,70,280002551547,ESCRITOR AUGUSTO CURY,AUGUSTO JORGE CURY,AVANTE,centro,party,Válido,True,22434,False
TO,President,0001,30,280002539826,ZEMA,ROMEU ZEMA NETO,NOVO,direita,party,Válido,True,595,True
TO,President,0001,80,280002538811,SAMARA,SAMARA MARTINS DA SILVA FEITOSA,UP,esquerda,party,Válido,True,395,False
TO,President,0001,35,280002548139,VETERINÁRIO WILSON GRASSI,WILSON GRASSI JUNIOR,DEMOCRATA,direita,party,Válido,True,67,True
TO,President,0001,14,280002540694,RENAN SANTOS,RENAN ANTONIO FERREIRA DOS SANTOS,MISSÃO,direita,party,Válido,True,12983,True
TO,President,0001,29,280002552487,RUI COSTA PIMENTA,RUI COSTA PIMENTA,PCO,esquerda,party,Válido,True,65,False
TO,Governor,0003,45,270002544544,VICENTINHO JÚNIOR,VICENTE ALVES DE OLIVEIRA JÚNIOR,PSDB,centro-esquerda,party,Válido,True,372848,False
TO,Governor,0003,27,270002550458,DU PEREIRA,IVAILDO PEREIRA DA CRUZ,DC,direita,party,Válido,True,1272,True
TO,Governor,0003,30,270002548412,ATAIDES DE OLIVEIRA,ATAIDES DE OLIVEIRA,NOVO,direita,party,Válido,True,13173,True
TO,Governor,0003,55,270002544494,LAUREZ MOREIRA,LAUREZ DA ROCHA MOREIRA,PSD,centro,party,Válido,True,69967,False
TO,Governor,0003,50,270002539187,PROF WITER NAVES,WITER FONSECA NAVES,PSOL,esquerda,party,Válido,True,5109,False
TO,Governor,0003,44,270002544599,PROFESSORA DORINHA,MARIA AUXILIADORA SEABRA REZENDE,UNIÃO,centro-direita,party,Válido,True,386260,True
