batch,generated_brt,candidate_group,candidate_label,is_top2,start_votes,end_votes,delta_votes,growth_pct_vs_start,prior_cumulative_share_pct,batch_share_pct,batch_minus_prior_share_pp,expected_votes_if_prior_share,observed_minus_expected,observed_expected_ratio
catchup_1,2026-10-04 19:14:08,flavio,Flávio Bolsonaro,yes,27484298,37566895,10082597,36.684935522093376,50.202838530213306,47.97507404244434,-2.2277644877689653,10550791.203,-468194.203,0.9556247305333494
catchup_1,2026-10-04 19:14:08,lula,Lula,yes,22791778,32007853,9216075,40.435963354855424,41.63147811708591,43.851983819815494,2.2205057027295823,8749406.327,466668.673,1.0533371814588122
catchup_1,2026-10-04 19:14:08,cury,Augusto Cury,no,1618252,2247926,629674,38.91075061238917,2.9559002692080676,2.9961186361611096,0.04021836695304204,621221.578,8452.422,1.0136061312257392
catchup_1,2026-10-04 19:14:08,renan,Renan Santos,no,1269583,1772742,503159,39.6318318692043,2.319021222579664,2.3941341977788313,0.07511297519916749,487373.014,15785.986,1.032389947305274
catchup_1,2026-10-04 19:14:08,caiado,Ronaldo Caiado,no,1302519,1774893,472374,36.26618882334922,2.3791821439112217,2.247652824537726,-0.13152931937349566,500016.628,-27642.628,0.9447165826668193
catchup_1,2026-10-04 19:14:08,outros,Demais candidatos agrupados,no,280072,392517,112445,40.14860464451998,0.5115797170018278,0.5350364792625009,0.02345676226067306,107515.251,4929.749,1.0458516267965903
catchup_2,2026-10-04 20:04:39,flavio,Flávio Bolsonaro,yes,37566895,48704246,11137351,29.6467168766543,49.58486501018323,45.03887569168709,-4.54598931849614,12261497.149,-1124146.149,0.90831901392567
catchup_2,2026-10-04 20:04:39,lula,Lula,yes,32007853,43705754,11697901,36.54697176970914,42.247438077349436,47.30571111502745,5.058273037678013,10447075.765,1250825.235,1.119729698837998
catchup_2,2026-10-04 20:04:39,cury,Augusto Cury,no,2247926,2958595,710669,31.614430368259452,2.9670566934765605,2.873908952760452,-0.09314774071610854,733702.858,-23033.858,0.9686060125103423
catchup_2,2026-10-04 20:04:39,renan,Renan Santos,no,1772742,2326033,553291,31.21102788787088,2.3398572804029247,2.237480399991815,-0.10237688041110982,578607.068,-25316.068,0.9562465278252013
catchup_2,2026-10-04 20:04:39,caiado,Ronaldo Caiado,no,1774893,2283182,508289,28.637726330544997,2.342696403642599,2.0554946222357486,-0.2872017814068504,579309.135,-71020.135,0.877405462799069
catchup_2,2026-10-04 20:04:39,outros,Demais candidatos agrupados,no,392517,513322,120805,30.777010932010587,0.5180865349452514,0.4885292182974442,-0.02955731664780714,128114.024,-7309.024,0.9429490738435605
