uf,leader_1906,lula_minus_flavio_1906_pp,electorate,pst_s1832,unreported_pct_s1832,proxy_unreported_electorate_s1832,pst_s1906,unreported_pct_s1906,proxy_unreported_electorate_s1906,pst_s1932,unreported_pct_s1932,proxy_unreported_electorate_s1932,pst_s2047,unreported_pct_s2047,proxy_unreported_electorate_s2047,progress_pst_1832_1906,swing_lula_minus_flavio_1832_1906_pp,progress_pst_1906_1932,swing_lula_minus_flavio_1906_1932_pp,progress_pst_1932_2047,swing_lula_minus_flavio_1932_2047_pp
AC,Flavio,-36.3,613742,81.28,18.72,114892.5024,93.92,6.079999999999998,37315.51359999999,98.06,1.9399999999999977,11906.594799999986,99.91,0.09000000000000341,552.3678000000209,12.64,-0.4999999999999929,4.140000000000001,0.4000000000000057,1.8499999999999943,0.09999999999999432
AL,Lula,18.4,2442126,19.07,80.93,1976412.5718,39.37,60.63,1480660.9938,57.01,42.99,1049869.9674000002,78.24,21.760000000000005,531406.6176000001,20.299999999999997,-2.6999999999999957,17.64,0.10000000000000142,21.229999999999997,-2.6000000000000014
AM,Flavio,-3.8000000000000043,2798611,55.54,44.46,1244262.4506,74.71,25.290000000000006,707768.7219000001,85.02,14.980000000000004,419231.92780000006,93.33,6.670000000000002,186667.35370000004,19.169999999999995,3.1999999999999957,10.310000000000002,2.200000000000003,8.310000000000002,2.3999999999999986
AP,Lula,2.5,576988,46.34,53.66,309611.7608,70.79,29.209999999999994,168538.19479999997,83.59,16.409999999999997,94683.73079999998,95.66,4.340000000000003,25041.27920000002,24.450000000000003,-3.1999999999999957,12.799999999999997,-1.3000000000000043,12.069999999999993,-1.0
BA,Lula,35.1,11312752,26.28,73.72,8339760.7743999995,51.05,48.95,5537592.103999999,67.1,32.900000000000006,3721895.4080000008,81.39,18.61,2105303.1472,24.769999999999996,0.7000000000000028,16.049999999999997,0.30000000000000426,14.290000000000006,0.6999999999999886
CE,Lula,28.4,6996545,25.52,74.48,5211026.716,49.51,50.49,3532555.5705,68.44,31.560000000000002,2208109.602,84.39,15.61,1092160.6745,23.99,0.9999999999999929,18.93,0.8000000000000043,15.950000000000003,0.9999999999999929
DF,Flavio,-13.199999999999996,2258320,94.91,5.090000000000003,114948.48800000008,99.01,0.9899999999999949,22357.367999999886,99.51,0.4899999999999949,11065.767999999884,100.0,0.0,0.0,4.1000000000000085,-0.19999999999999574,0.5,0.0,0.4899999999999949,0.0
ES,Flavio,-17.800000000000004,2991650,82.94,17.060000000000002,510375.49000000005,95.16,4.840000000000003,144795.8600000001,99.27,0.730000000000004,21839.045000000122,99.83,0.1700000000000017,5085.805000000051,12.219999999999999,1.0,4.109999999999999,0.6000000000000085,0.5600000000000023,0.19999999999999574
GO,Flavio,-24.3,5080590,53.67,46.33,2353837.347,81.07,18.930000000000007,961755.6870000004,91.28,8.719999999999999,443027.448,97.47,2.530000000000001,128538.92700000007,27.39999999999999,2.0,10.210000000000008,0.9000000000000021,6.189999999999998,0.5
MA,Lula,30.299999999999997,5183115,36.24,63.76,3304754.124,61.52,38.48,1994462.6519999998,75.49,24.510000000000005,1270381.4865,88.19,11.810000000000002,612125.8815000001,25.28,2.299999999999997,13.969999999999992,0.10000000000000142,12.700000000000003,1.2000000000000028
MG,Flavio,-7.0,16372372,37.2,62.8,10281849.615999999,62.28,37.72,6175658.718400001,81.13,18.870000000000005,3089466.5964000006,90.26,9.739999999999995,1594669.0327999992,25.08,0.7999999999999972,18.849999999999994,0.6000000000000014,9.13000000000001,0.3999999999999986
MS,Flavio,-25.0,2024430,89.29,10.709999999999994,216816.45299999986,96.97,3.030000000000001,61340.22900000002,99.28,0.7199999999999989,14575.895999999977,99.94,0.060000000000002274,1214.658000000046,7.679999999999993,0.7999999999999972,2.3100000000000023,0.7999999999999972,0.6599999999999966,0.30000000000000426
MT,Flavio,-36.99999999999999,2637801,67.7,32.3,852009.723,88.56,11.439999999999998,301764.4343999999,95.75,4.25,112106.5425,98.82,1.1800000000000068,31126.05180000018,20.86,0.20000000000000284,7.189999999999998,0.4999999999999858,3.069999999999993,0.30000000000001137
PA,Lula,2.4000000000000057,6262397,50.02,49.98,3129946.0206,70.54,29.459999999999994,1844902.1561999999,83.2,16.799999999999997,1052082.6959999998,91.44,8.560000000000002,536061.1832000002,20.520000000000003,0.8000000000000043,12.659999999999997,0.09999999999999432,8.239999999999995,0.7000000000000028
PB,Lula,27.700000000000003,3248531,77.43,22.569999999999993,733193.4466999997,93.02,6.980000000000004,226747.46380000014,97.75,2.25,73091.9475,99.26,0.7399999999999949,24039.12939999983,15.58999999999999,0.5,4.730000000000004,0.29999999999999716,1.5100000000000051,0.19999999999999574
PE,Lula,29.9,7223450,32.4,67.6,4883052.199999999,57.29,42.71,3085135.495,75.06,24.939999999999998,1801528.4299999997,91.16,8.840000000000003,638552.9800000002,24.89,1.6999999999999957,17.770000000000003,0.8000000000000007,16.099999999999994,0.8000000000000007
PI,Lula,44.8,2704758,51.04,48.96,1324249.5168,73.47,26.53,717572.2974,84.52,15.480000000000004,418696.53840000014,93.09,6.909999999999997,186898.7777999999,22.43,2.0999999999999943,11.049999999999997,0.8999999999999986,8.570000000000007,0.5
PR,Flavio,-29.0,8613657,83.37,16.629999999999995,1432451.1590999996,97.25,2.75,236875.5675,99.17,0.8299999999999983,71493.35309999986,99.78,0.21999999999999886,18950.0453999999,13.879999999999995,0.20000000000000284,1.9200000000000017,0.10000000000000142,0.6099999999999994,0.1999999999999993
RJ,Flavio,-14.5,12857648,24.05,75.95,9765383.656,52.85,47.15,6062381.032,73.47,26.53,3411134.0143999998,88.22,11.780000000000001,1514630.9344000004,28.8,-0.4000000000000057,20.619999999999997,0.20000000000000284,14.75,0.20000000000000284
RN,Lula,25.299999999999997,2659825,41.98,58.02,1543230.465,65.95,34.05,905670.4124999999,83.56,16.439999999999998,437275.2299999999,94.15,5.849999999999994,155599.76249999984,23.970000000000006,-1.0,17.61,-0.3999999999999915,10.590000000000003,0.09999999999999432
RO,Flavio,-40.89999999999999,1265893,72.35,27.650000000000006,350019.41450000013,93.04,6.959999999999994,88106.15279999992,98.08,1.9200000000000017,24305.145600000025,99.96,0.04000000000000625,506.35720000007916,20.690000000000012,-1.3999999999999915,5.039999999999992,-0.5000000000000142,1.8799999999999955,-0.19999999999999574
RR,Flavio,-48.900000000000006,401521,51.55,48.45,194536.92450000002,93.09,6.909999999999997,27745.101099999985,98.16,1.8400000000000034,7387.986400000014,99.61,0.39000000000000057,1565.9319000000023,41.540000000000006,-1.8000000000000114,5.069999999999993,-0.19999999999999574,1.4500000000000028,0.6000000000000014
RS,Flavio,-19.6,8522545,65.14,34.86,2970959.187,89.95,10.049999999999997,856515.7724999997,97.41,2.5900000000000034,220733.9155000003,99.45,0.5499999999999972,46873.99749999976,24.810000000000002,0.8999999999999986,7.459999999999994,-0.20000000000000284,2.0400000000000063,-0.19999999999999574
SC,Flavio,-41.2,5734651,43.74,56.26,3226314.6525999997,81.12,18.879999999999995,1082702.1087999998,93.84,6.159999999999997,353254.50159999984,99.02,0.980000000000004,56199.579800000225,37.38,-3.200000000000003,12.719999999999999,-0.29999999999999005,5.179999999999993,-0.20000000000000995
SE,Lula,30.1,1740135,47.27,52.73,917573.1855,80.52,19.480000000000004,338978.29800000007,93.01,6.989999999999995,121635.43649999991,97.3,2.700000000000003,46983.64500000005,33.24999999999999,2.6000000000000014,12.490000000000009,0.8999999999999986,4.289999999999992,0.6999999999999993
SP,Flavio,-15.200000000000003,34122892,38.16,61.84,21101596.412800003,73.96,26.040000000000006,8885601.076800002,90.05,9.950000000000003,3395227.754000001,96.65,3.3499999999999943,1143116.8819999981,35.8,2.8999999999999986,16.090000000000003,1.0,6.6000000000000085,0.4000000000000057
TO,Flavio,-6.699999999999996,1182023,87.84,12.159999999999997,143733.99679999996,96.28,3.719999999999999,43971.25559999999,98.81,1.1899999999999977,14066.073699999974,99.98,0.01999999999999602,236.40459999995295,8.439999999999998,0.6000000000000085,2.530000000000001,-0.20000000000000284,1.1700000000000017,-0.10000000000000142
