generated_brt,d_sections,d_valid_votes,minutes_since_previous,minor_rms_pp,minor_max_abs_pp,top2_rms_pp,top2_to_minor_rms_ratio,flavio_change_pp,lula_change_pp,cury_change_pp,renan_change_pp,caiado_change_pp,others_change_pp
2026-10-04 17:22:28,482,113759,0.68,0.13586503909923175,0.1989989774447063,0.6250287207923485,4.600364633434848,0.5725021533847752,-0.6734709258761171,0.04680646656475451,0.12609106925722635,0.1270702141140725,-0.1989989774447063
2026-10-04 17:25:19,471,107044,0.5,0.15110150766176023,0.21036504525159305,0.26555830253707546,1.757482811697194,0.05177328588575136,0.3719703630147677,-0.054188066746304386,-0.21036504525159305,0.04583608749597179,-0.20502662439859565
2026-10-04 17:25:58,344,79643,0.65,0.15136591444018785,0.18476783214041648,0.4598964989008647,3.0383095203550106,0.33258633031358187,-0.5589238877442,0.18476783214041648,0.01960229995121887,0.1796281231490524,-0.1576606978100733
2026-10-04 17:26:29,123,28507,0.52,0.16636005134979417,0.28914097634823843,0.360210428205154,2.1652459546779266,0.005732626991466816,0.5093822161827575,-0.034964750923997645,-0.28914097634823843,-0.033717069125161814,-0.15729204677682818
2026-10-04 17:27:41,461,106213,1.2,0.14152654639146317,0.23473743119936707,0.23794131188314016,1.6812486275542486,0.09915062678594921,0.3215607081241316,-0.0015482927106096334,-0.15549231055976254,-0.028933300440339593,-0.23473743119936707
2026-10-04 17:28:53,20,5460,0.5,0.851423284816986,1.1852113140021765,8.174807560907526,9.601343663821346,6.485744967036808,-9.570270087008957,1.0671185188711778,1.1852113140021765,0.4866105842868351,0.34558470281195763
2026-10-04 17:29:32,988,234370,0.65,0.1817437042022245,0.31502103357156264,1.3285915714164036,7.310248116975169,1.3181554709341086,-1.3389463326526183,-0.0938623842546602,-0.055456541180357366,0.31502103357156264,-0.14491124641803665
2026-10-04 17:30:44,770,183421,0.65,0.2397306490629545,0.4547039174498604,1.4686647325976607,6.126311918556487,1.1606208009919001,-1.7224725106245486,0.12697724832403656,0.048427617609676954,0.4547039174498604,-0.06825707375092493
2026-10-04 17:31:19,447,106027,0.58,0.06434290212661378,0.08311757561078315,1.1910511585346533,18.510995295035126,1.1776060611863883,-1.2043461666607982,0.05650372695627093,0.08311757561078315,-0.06306447023902795,-0.049816726853615045
2026-10-04 17:31:51,530,124078,0.53,0.11259135643158573,0.14497905425244673,1.2219287807593529,10.852776087672748,1.35125308744162,-1.0771884627007324,-0.11363368293448639,-0.14497905425244673,0.08353284672765682,-0.09898473428161558
2026-10-04 17:32:52,965,227802,1.02,0.14104441448311258,0.2226676792402582,1.7113593445368471,12.133478314674774,1.5263578168474794,-1.878226138465699,0.0030886962789149486,0.1680120603673778,0.2226676792402582,-0.04190011426832807
2026-10-04 17:33:51,954,220755,0.98,0.1186962128742201,0.17868061763603704,1.7608177434491954,14.834658164832076,1.858393988642824,-1.6575071747257226,-0.01296160544219127,-0.1146624386363686,0.10541784779749097,-0.17868061763603704
2026-10-04 17:35:18,1368,318366,0.95,0.08904028275251377,0.12192644041820266,0.4634736617934944,5.2052132750040006,0.5430429474488037,-0.36704226947131957,-0.01260290183296009,-0.10969594540168703,0.06822460967536381,-0.12192644041820266
2026-10-04 17:36:22,1394,319386,1.07,0.14249363529199838,0.15983862406084837,0.7789518796781358,5.4665731425961965,1.0090651444138103,-0.4419497664184675,-0.12997060081563294,-0.15145249643069336,-0.1258536566881756,-0.15983862406084837
2026-10-04 17:37:10,1187,278826,0.8,0.09091017348586469,0.1566719931227687,1.3489726222392793,14.838522142398357,1.3486463672706748,-1.3492987983207598,-0.04453275886103203,-0.06828742183276093,0.1566719931227687,-0.043199381378891455
2026-10-04 17:38:41,990,232254,0.82,0.1284515684389249,0.21521347223308718,0.7054349049308873,5.49183566618964,0.7169690154007924,-0.6937090464632263,-0.07467200578217748,-0.1004886108220453,0.21521347223308718,-0.06331282456642917
2026-10-04 17:39:37,1298,303684,0.93,0.11700346587095646,0.16955500150582514,1.2141416148627315,10.376971364265506,1.4103047925322016,-0.979448882813017,-0.05588147708444824,-0.07280123228779356,-0.16955500150582514,-0.13261819884112036
2026-10-04 17:41:02,1950,458492,1.42,0.09946312395673107,0.11141027738826859,0.6695507426053353,6.73164803165248,0.8377752092129924,-0.44128119456287607,-0.09034029726083892,-0.11141027738826859,-0.09315691393698788,-0.10158652606402652
2026-10-04 17:42:22,2644,606716,1.33,0.09537413224739916,0.14038143839596717,1.1230570571511833,11.775279425221811,1.2643416249078996,-0.961225552489843,-0.006074718354745823,-0.12507332832680929,-0.03158658734053876,-0.14038143839596717
2026-10-04 17:43:58,2517,588141,1.6,0.09875529729706686,0.12354851733629818,0.861742991067802,8.726043206326278,0.9468747718278863,-0.7672223483351175,-0.022313715372190845,-0.12337844726134062,0.08958825647706359,-0.12354851733629818
2026-10-04 17:45:42,3003,705737,1.73,0.11349137774148894,0.1424646776934564,1.3049702745402114,11.49840895854377,1.3826013426285542,-1.2224190616269155,-0.09522636619820446,-0.12167240889075037,0.1424646776934564,-0.08574818360614078
2026-10-04 17:47:09,1963,447591,1.45,0.16722446392082266,0.25141084350634335,0.7012100387877072,4.193226411655388,0.9367764362669462,-0.32533205413594857,-0.07434561583344479,-0.1768484309093501,-0.25141084350634335,-0.10883949188186098
2026-10-04 17:48:38,2967,683225,1.48,0.1314413585556438,0.14702836852659695,0.26238782909659414,1.9962349140321467,0.2009097731939633,0.311977577321187,-0.14158626397723761,-0.14600511773029812,-0.14702836852659695,-0.07826760028102453
2026-10-04 17:50:19,2859,670271,1.68,0.07421373071525303,0.10274363980772483,0.8198114395133217,11.046627512350987,0.8524359453735926,-0.7858336667188794,-0.02447383417801241,-0.0862477549964149,0.10274363980772483,-0.05862432928802175
2026-10-04 17:52:50,4573,1051248,2.52,0.14022967947533393,0.19840631152591381,0.2641633303024334,1.8837904450098888,0.2920234429067321,0.23299536249857766,-0.0920684970929706,-0.1579557555849158,-0.19840631152591381,-0.07658824120151614
2026-10-04 17:55:13,4980,1158796,2.38,0.13369082488824433,0.22889284633761164,1.6545962699778423,12.376288884154636,1.6582673068120073,-1.65091707011819,-0.08642376639766036,-0.06060877869356496,0.22889284633761164,-0.08921053794020323
2026-10-04 17:57:12,4202,969637,1.98,0.08243315667094187,0.1332426746169224,1.5673038715322776,19.013027461615586,1.7004275997245841,-1.4217696119748169,-0.0660136027114131,-0.008739755553168749,-0.1332426746169224,-0.07066195486825777
2026-10-04 18:00:33,7657,1753470,3.35,0.09029161414762875,0.11953745591539677,0.22761850562951005,2.5209263094726477,0.02159403313373076,0.32117606689017464,-0.04155164930478561,-0.11953745591539677,-0.0841111780295214,-0.09756981677419474
2026-10-04 18:10:48,8906,2046958,10.25,0.0938745312839407,0.15210048844489288,0.5304036622440195,5.650133800825237,0.6728518322542669,-0.33155165762790517,-0.07403006286200897,-0.05874253244126715,-0.15210048844489288,-0.05642709087820258
2026-10-04 18:13:47,14890,3402127,2.98,0.0652363024639923,0.09962699061261393,0.2127483924536564,3.261196364878046,0.2923892533659824,-0.07093857553766725,-0.09962699061261393,-0.05961588330407075,-0.002743679792643672,-0.05946412411899249
2026-10-04 18:16:13,11584,2641357,2.43,0.0556016163010974,0.08495070387732762,0.4990825652161611,8.97604419471365,-0.4796151107106681,0.5178186549203119,-0.04510957889131717,-0.03314111239310735,0.08495070387732762,-0.04490355680255065
2026-10-04 18:19:31,12106,2774257,3.3,0.03083575388193298,0.038475812052536806,0.9207905641555486,29.86113352964107,-0.8940715697371076,0.9467558049801497,-0.038475812052536806,0.0339787321776539,-0.022165943755136475,-0.026021211613025175
2026-10-04 18:23:12,12431,2870407,3.68,0.04540110433017797,0.07937972890583511,1.3410818545191887,29.538529388320974,-1.288245756745603,1.3919137729285538,-0.00497240771415175,0.01977523279907123,-0.07937972890583511,-0.03909111236204116
2026-10-04 18:26:58,17119,3927139,3.77,0.019142096734018992,0.025095010605149515,0.7024197216450525,36.695025179594076,-0.700110564844401,0.7047213120837768,0.009083359252617829,0.025095010605149515,-0.01864800167677627,-0.020141115420364064
2026-10-04 18:32:24,20038,4655824,5.43,0.04191621301015081,0.06255677990413933,0.8003213582704917,19.093360320424903,-0.8654543653003444,0.7293951566814982,0.017908799421011423,0.05278155033436294,0.06255677990413933,0.002812078959330222
2026-10-04 18:37:14,23503,5488658,4.83,0.06213344967854507,0.10904639403746375,0.7531313185431632,12.121189511279018,-0.8486004666337266,0.643654265868058,0.023188521965191278,0.10904639403746375,0.04995662040474658,0.02275466435826423
2026-10-04 18:43:29,24788,5799968,6.25,0.035736609345713335,0.06553972391820961,1.790287387386616,50.09673329854848,-1.8463691332889738,1.7323910882098517,0.014699342524184367,0.06553972391820961,0.020593436717923463,0.013145541918800907
2026-10-04 18:48:59,28398,6714761,5.5,0.07242529274801575,0.10651964770737532,1.6366861103340686,22.598267100258415,-1.6915044520696938,1.5799669414735646,0.062115903237834225,0.10651964770737532,-0.07408350287685694,0.01698546252777733
2026-10-04 19:14:08,87608,21016324,25.15,0.07923013573484688,0.13152931937349566,2.224138056508534,28.071869824278448,-2.2277644877689653,2.2205057027295823,0.04021836695304204,0.07511297519916749,-0.13152931937349566,0.02345676226067306
2026-10-04 20:04:39,100614,24728306,50.52,0.16009061922385792,0.2872017814068504,4.808957527759076,30.038971371799207,-4.54598931849614,5.058273037678013,-0.09314774071610854,-0.10237688041110982,-0.2872017814068504,-0.02955731664780714
2026-10-04 20:10:56,16476,4156336,6.28,0.2301868797115495,0.3658252147523333,6.826246605558849,29.655237579626245,-6.414150718227319,7.214842756683709,-0.15636752871226012,-0.22551719042405827,-0.3658252147523333,-0.052982104567732835
2026-10-04 20:11:55,1903,477726,0.98,0.27489689977989107,0.3715448626931883,6.308858902834983,22.9499092492002,-5.772068933197573,6.80342719092193,-0.3270140244275437,-0.3715448626931883,-0.19731694853207138,-0.1354824220715567
2026-10-04 20:12:23,1066,257646,0.47,0.507292372671995,0.7922553257270619,8.324440248696918,16.409551369461123,-7.3772982962043585,9.174316364562031,-0.5230499006163338,-0.7922553257270619,-0.3186666861600791,-0.16304615585420312
2026-10-04 20:13:34,2176,528839,1.18,0.3869354507265699,0.5444588022941268,8.979463860076555,23.20661971710094,-8.260150464290078,9.645281578892877,-0.4871560078381263,-0.5444588022941268,-0.21304120602284238,-0.14047509844770467
2026-10-04 20:14:06,817,202244,0.53,0.2558656055081633,0.3015639396350558,7.585111941390887,29.644906459101584,-7.432033188113849,7.735161861114193,-0.2992748995267469,-0.2844710806798636,0.3015639396350558,-0.02094663242878625
2026-10-04 20:14:34,645,160573,0.47,0.2805222017918268,0.384427728724273,9.335694827024444,33.279700385185144,-8.815636976282477,9.828272508893058,-0.16519136476469987,-0.384427728724273,-0.35899517132290204,-0.10402126779870752
2026-10-04 20:15:15,836,209551,0.68,0.3493517176535602,0.6184306831251523,6.910009197383352,19.77951974530082,-6.304341153705636,7.466708567604506,-0.20226180997097254,-0.22762330878727655,-0.6184306831251523,-0.1140516120154697
2026-10-04 20:15:44,512,128038,0.48,0.40092005931320956,0.779788273580797,8.00534571781852,19.96743623038459,-7.649623562358599,8.34591992998967,0.15351209080567152,-0.10157002428472417,-0.779788273580797,0.03154983942877798
2026-10-04 20:16:43,963,241416,0.98,0.2713618875287293,0.43863932505641556,7.408444742330406,27.300977339885538,-6.90312793059644,7.881429551429449,-0.22557666532587461,-0.43863932505641556,-0.18814679374351417,-0.12593883670720885
2026-10-04 20:17:43,734,184593,1.0,0.4072245275377163,0.5289572976676433,6.694268235298231,16.438764815506406,-5.894452102763822,7.408231153282742,-0.37258236044726,-0.47537584592091586,-0.5289572976676433,-0.13686354648309706
2026-10-04 20:18:13,292,74277,0.5,0.2955944752211733,0.4795493919063236,5.83848215960451,19.751661986361448,-5.2801289574266335,6.347911944016317,-0.22984029066369382,-0.21446219079745488,-0.4795493919063236,-0.14393111322220592
2026-10-04 20:18:55,295,71372,0.7,0.3248505206624563,0.4490489255449983,7.352066444176673,22.63215225631734,-6.735727477573079,7.9205894570444855,-0.3593460757905218,-0.4490489255449983,-0.2894095993067931,-0.08705737882909403
2026-10-04 20:20:54,586,144557,1.0,0.4051052086351159,0.7261098736872493,9.688367196023494,23.91568162913932,-9.017510534135603,10.315688131032353,-0.11637228327947424,-0.30476877132580826,-0.7261098736872493,-0.15092666860422288
2026-10-04 20:22:34,271,67450,0.48,0.3543883836320229,0.6446894300201651,11.013408243978459,31.0772269991055,-10.445619266300426,11.55332681267862,-0.25477994244834123,-0.0955851247172359,-0.6446894300201651,-0.11265304919244912
2026-10-04 20:23:04,249,61808,0.5,0.23558066251068474,0.3000846405883326,6.5760890789937125,27.914384011444294,-6.121618579511079,7.001119990166252,-0.3000846405883326,-0.27503484506212894,-0.2228091561415586,-0.08157276886315135
2026-10-04 20:24:03,559,142012,0.98,0.34927616230358643,0.5153569693461977,9.965533295942379,28.531959439248713,-9.328456663674729,10.56426069438912,-0.2222085184875775,-0.4054603982528697,-0.5153569693461977,-0.09277814462774886
2026-10-04 20:25:44,550,141276,1.02,0.40082079223454786,0.6930816159848956,7.528383518829041,18.782417640708783,-6.834523207713538,8.16348022208534,-0.23955757289990087,-0.3129312164600826,-0.6930816159848956,-0.08338660902692713
2026-10-04 20:26:23,341,86946,0.65,0.28972769326908104,0.45397024052543444,7.136331941532027,24.631169568261623,-6.597958009517612,7.636846028571149,-0.26113440473711336,-0.45397024052543444,-0.22923614396594072,-0.09454722982504604
2026-10-04 20:26:54,246,62775,0.52,0.29652378223041403,0.4033056664323096,13.07015957924464,44.07794707369698,-12.525131814383315,13.593351900328479,-0.2263848656995746,-0.3635661298712922,-0.4033056664323096,-0.07496342394199201
2026-10-04 20:27:15,145,37688,0.35,0.47274929882291106,0.5943140067341999,8.262041528784938,17.476581243708722,-7.326172558217749,9.102189631838655,-0.39930975113827216,-0.5943140067341999,-0.5851561020007339,-0.1972372137476992
2026-10-04 20:27:54,352,87975,0.65,0.25988675972094005,0.34966315484061306,8.919084234963002,34.319117466930955,-8.428595193734054,9.38397092071871,-0.22933326403447474,-0.34966315484061306,-0.29881458768342783,-0.07756472042613738
2026-10-04 20:28:23,201,50093,0.48,0.2026751214825202,0.32928073861196716,3.3651318124490346,16.60357614607011,-3.111124667367392,3.6012674899833783,-0.18474283649960022,0.11554528405427344,-0.32928073861196716,-0.09166453155868898
2026-10-04 20:29:25,508,128500,1.03,0.2978036262698491,0.4992605830732888,8.68346433085191,29.15835659765793,-8.186961632813109,9.153074062477643,-0.21082420182076733,-0.2468939047171519,-0.4992605830732888,-0.00913374005332912
2026-10-04 20:29:54,151,39293,0.48,0.2753903140225718,0.4389906108474262,10.752786954502556,39.04562508912795,-10.238126722634071,11.2439146114299,-0.1965399376725916,-0.4389906108474262,-0.22680208914331423,-0.14345525113249924
2026-10-04 20:30:35,348,87494,0.68,0.2817488396107581,0.42173662049106597,8.13761114812222,28.882501022415923,-7.620405889405362,8.623853226765988,-0.17847522280007144,-0.42173662049106597,-0.3167590090404677,-0.08647648502902472
2026-10-04 20:31:05,292,77282,0.5,0.22365036991848014,0.39556406217323326,9.985113611117352,44.64608582922038,-9.620526162289615,10.336849810969639,-0.09719579144637258,-0.17949311325518025,-0.39556406217323326,-0.04407068180524082
2026-10-04 20:32:34,498,125564,1.0,0.357614654847914,0.4539045531511432,6.729477665392331,18.817678677777444,-6.0462555566908165,7.349458010031341,-0.3473900034105122,-0.4225465461065021,-0.4539045531511432,-0.079361350672362
2026-10-04 20:33:44,254,63692,0.5,0.40238812561465637,0.5366958921450502,7.834260556027994,19.46941288106103,-7.042729537843464,8.55284967576651,-0.39539968290997907,-0.4235953914676309,-0.5366958921450502,-0.1544291714003772
2026-10-04 20:34:15,247,63169,0.52,0.3279170008750585,0.5788621173418083,11.659987050017769,35.55773875371715,-11.096382404826159,12.197577363518896,-0.1905799411433513,-0.5788621173418083,-0.208807671806984,-0.12294522840059602
2026-10-04 20:35:54,332,85295,0.65,0.36350000513947633,0.5400012778202703,4.881600916576751,13.429438370169107,-4.150281960440552,5.516812002079433,-0.3185349902928625,-0.31071662709519643,-0.5400012778202703,-0.19727714643055622
2026-10-04 20:36:54,526,130422,1.0,0.42995900503017526,0.6869549654536886,10.422627094367773,24.240978726881867,-9.632002069827749,11.15736739662777,-0.3617232651362219,-0.34579782926046376,-0.6869549654536886,-0.13088926694964848
2026-10-04 20:38:04,317,79346,0.48,0.3674779346806416,0.5696984438649382,5.975448522438322,16.26070019042453,-5.300109365429833,6.5818546628669665,-0.2329883027874402,-0.39212632023712723,-0.5696984438649382,-0.08693223054762489
2026-10-04 20:39:34,496,124341,1.0,0.3517959808843389,0.6271543056899047,8.36280227693156,23.7717391083016,-7.778591354553463,8.908784450471877,-0.23202980006940654,-0.21019840723554273,-0.6271543056899047,-0.06081058292355307
2026-10-04 20:40:15,346,89050,0.68,0.37300318215872447,0.556425656711683,6.658662754278482,17.851490477218004,-5.974232491813574,7.279019541407344,-0.1517628120865968,-0.44982338042814574,-0.556425656711683,-0.1467752003673461
2026-10-04 20:41:45,573,145709,1.02,0.2981264564999209,0.5048763188517646,5.861330738849013,19.660552128323328,-5.343817682419932,6.336719075153063,-0.09188269185077136,-0.2808679797250897,-0.5048763188517646,-0.11527440230550312
2026-10-04 20:42:14,240,59151,0.48,0.40737410497595417,0.6273560950080537,10.240081535162677,25.13680032697982,-9.52208138662138,10.91093514599541,-0.3256842541146461,-0.40392025035883417,-0.6273560950080537,-0.03189315989249436
2026-10-04 20:43:24,175,41973,0.48,0.5676616932103874,0.7191464101682798,8.917388017915318,15.708983228167813,-7.787797028799737,9.91916506377111,-0.6318378493341639,-0.7191464101682798,-0.5746765024550724,-0.20570727301385322
2026-10-04 20:44:53,588,146532,0.98,0.2638978574338151,0.5096622826681632,7.716415913171774,29.240161281366337,-7.401137128135609,8.019309091226859,0.06182569786871506,-0.06962441419736276,-0.5096622826681632,-0.10071096409443492
2026-10-04 20:45:34,349,88889,0.68,0.2969054216090294,0.46663176825502517,5.922574999373466,19.947682219061743,-5.361798651747449,6.434664285300862,-0.23227312013389234,-0.26111534604216,-0.46663176825502517,-0.11284539912233865
2026-10-04 20:47:04,366,92137,0.5,0.42075271460640956,0.7186615074040275,10.812090447809457,25.697018872293093,-10.083168303436814,11.49488219460261,-0.17061575870998125,-0.3754051647736225,-0.7186615074040275,-0.14703146027816155
2026-10-04 20:48:15,412,103774,0.5,0.3842097925636435,0.6348234943809867,8.869409959996386,23.084809735887163,-8.164283218771537,9.52246531107631,-0.307204717703502,-0.2650902069811858,-0.6348234943809867,-0.1510636732390978
2026-10-04 20:48:44,395,95888,0.48,0.5182632835189763,0.7885039932166791,8.815975001708953,17.010610788109503,-7.827395704620798,9.704365355075943,-0.49438421334936855,-0.42306977704908566,-0.7885039932166791,-0.1710116668400073
2026-10-04 20:50:25,1721,433697,0.65,0.33454208674937347,0.5232564920094713,6.937892893106985,20.738475569755735,-6.344534703879887,7.484356684693253,-0.24406906509124981,-0.33613112186038396,-0.5232564920094713,-0.036365301852264054
2026-10-04 20:51:35,2486,624826,1.17,0.3764057858029924,0.5500205050225591,9.00653582416124,23.927729497960442,-8.29837191560317,9.662939441708623,-0.3007902605284394,-0.4013687278131983,-0.5500205050225591,-0.11238803274125853
2026-10-04 20:52:35,1846,463851,1.0,0.39348304610119533,0.6053608338137824,7.749776769743575,19.69532574918234,-7.0244748146227565,8.412777991867188,-0.2961969877136248,-0.3961154599693397,-0.6053608338137824,-0.09062989574768954
2026-10-04 20:53:07,1081,279225,0.53,0.304014341515331,0.5459442615306878,5.667342712334592,18.641695270316042,-5.160600303894768,6.132352838963627,-0.18531471300598534,-0.18499098272661696,-0.5459442615306878,-0.05550257780556811
2026-10-04 20:53:34,921,227655,0.45,0.44548698694872424,0.5801342619943328,10.906891122843248,24.483074573171844,-10.03350597598157,11.7153448844264,-0.4272183399886109,-0.5801342619943328,-0.49102459131430853,-0.18346171514758564
2026-10-04 20:54:17,1323,341790,0.72,0.40789606420435426,0.6890897231045792,6.385667677249162,15.655134328655764,-5.651734254942589,7.043536276618298,-0.2786585499716101,-0.31952285553239146,-0.6890897231045792,-0.10453089306712793
2026-10-04 20:55:27,1394,352853,0.68,0.4656517273110318,0.6265705247478366,9.241229859694165,19.84579744406594,-8.326233786119808,10.073454699271899,-0.473966791529163,-0.6265705247478366,-0.4665045474369143,-0.18017904943816732
2026-10-04 20:55:56,790,199038,0.48,0.44220782163516564,0.6886864886343698,10.243002082916357,23.163321817873978,-9.431485314081527,10.994783677340912,-0.3391786477612859,-0.4250624508755503,-0.6886864886343698,-0.11037077598817518
2026-10-04 20:56:30,878,227278,0.57,0.4691996348170716,0.6095721412211959,9.83176705466871,20.954336544830973,-8.926149412139011,10.660729032608813,-0.4312452297456888,-0.5498460432728789,-0.6095721412211959,-0.1439162062300397
2026-10-04 20:56:55,1148,293934,0.42,0.44293590385399517,0.6221542404431728,11.439635838612247,25.82684252749827,-10.603278740210598,12.218879498445077,-0.3219415097082359,-0.6221542404431728,-0.5209377318228869,-0.15056727626017935
2026-10-04 20:57:34,1171,292284,0.65,0.5539392058543143,0.7659818310251412,10.628049677060075,19.186310636144512,-9.57679329735663,11.5842958359936,-0.44917899516708504,-0.6461728015449621,-0.7659818310251412,-0.14616891089978157
2026-10-04 20:59:36,618,151853,0.5,0.6699140447333762,0.9284796773015112,15.871960842803324,23.69253334451335,-14.591925765230876,17.05620076256595,-0.5962416944008773,-0.7307175458386308,-0.9284796773015112,-0.20883607979405583
2026-10-04 21:00:07,1139,289702,0.52,0.42262802417889794,0.5849473258646389,9.96056724179634,23.568165554445212,-9.15007751498802,10.709896405960393,-0.40754316555666437,-0.43411722398692865,-0.5849473258646389,-0.13321117556414142
2026-10-04 21:01:17,1397,347979,1.17,0.574793695848761,0.8180685942834216,12.839021468123958,22.336747185727912,-11.756103395486086,13.837448372895068,-0.4391250267175568,-0.6568933940384429,-0.8180685942834216,-0.16725796236956347
2026-10-04 21:01:46,467,114268,0.48,0.659708141955964,0.9009354106313485,15.910300483495192,24.11718072225523,-14.65331707778909,17.074999899501883,-0.5283850649786643,-0.7768878048297221,-0.9009354106313485,-0.215474541273054
2026-10-04 21:03:44,30,7254,0.33,1.100289502200604,1.385305019590343,17.41249308341935,15.825374184334184,-15.3400864681619,19.263218264598713,-1.385305019590343,-1.3057781923370864,-1.095320345039562,-0.13672823946982177
2026-10-04 21:04:25,122,29150,0.68,1.109581398778059,1.3306534700931643,20.673476584326778,18.631780063268646,-18.518497505672286,22.624113646678502,-1.220663817814465,-1.3306534700931643,-1.2546964117208799,-0.2996024413777022
2026-10-04 21:04:55,100,24557,0.5,0.724306960635603,0.9394848874128248,16.664364654285258,23.007323634804965,-15.270888924698138,17.949987468282963,-0.6453461746311806,-0.8638892407492653,-0.9394848874128248,-0.2303782407915544
2026-10-04 21:06:35,121,28149,0.52,0.8057829168626339,1.2416192258146914,20.119862479696373,24.969333624041465,-18.699073235717993,21.446733842919826,-0.2897869832451794,-0.9486505157174125,-1.2416192258146914,-0.2676038824245447
2026-10-04 21:07:35,153,36071,1.0,0.5009447677734508,0.6746578670520291,7.474753228168118,14.921312106704207,-6.548727889551358,8.298074154442801,-0.6746578670520291,-0.439889539022676,-0.5945562457994638,-0.04024261301727061
2026-10-04 21:08:04,97,25080,0.48,0.6723282002998363,0.8889545375778714,14.308969820459486,21.282715516139522,-13.029723021488302,15.482879339093827,-0.464412272583413,-0.864070999263586,-0.8889545375778714,-0.23571850818066342
2026-10-04 21:09:36,212,49493,0.87,0.7458174938568012,0.9824119759645877,11.816385768069113,15.843535268881595,-10.45942002580341,13.032823100290862,-0.8051131339230819,-0.9824119759645877,-0.7820613281087114,-0.003816636491069003
2026-10-04 21:10:14,136,32537,0.63,0.8665703083179757,1.1454008785172225,18.491730191258835,21.33898428524689,-16.83473129704213,20.01199622948738,-0.8408269063212894,-1.1454008785172225,-0.9667049115380677,-0.2243322360686642
2026-10-04 21:10:44,88,24372,0.5,0.8098011615316817,1.1495253066662712,15.35710928829555,18.9640494701794,-14.072424550465492,16.542323859021835,-0.856460737004626,-0.7118370870911792,-1.1495253066662712,0.24792382220572606
2026-10-04 21:11:14,44,11480,0.5,0.6746219723308576,0.8802394769897015,15.982318163890765,23.69077619673569,-14.70899759954704,17.161421194067373,-0.565117468063153,-0.8345834073574019,-0.8802394769897015,-0.17248324211007565
2026-10-04 21:11:45,58,14058,0.52,0.8429311232159555,1.0237468235977143,19.565133270026166,23.210832689842036,-17.996079446247798,21.017373868114618,-0.9149221814836488,-1.0237468235977143,-0.9719822222965453,-0.11064319448890791
2026-10-04 21:12:55,194,45508,1.17,0.474713338280515,0.6251228892237242,11.659386715921405,24.560899759323185,-10.734754619990312,12.515895510565983,-0.6251228892237242,-0.4677418209224562,-0.5099511268269934,-0.1783250536024894
2026-10-04 21:13:25,58,14464,0.5,0.5523694999244916,0.7225508332687416,14.492701373218416,26.23733094459335,-13.479768862444566,15.439320503236011,-0.47249272720662105,-0.6846468901334803,-0.7225508332687416,-0.07986119018260635
2026-10-04 21:15:04,131,30916,0.5,0.7799849527821635,1.0368754707946979,18.649731343368835,23.910373240978902,-17.12606219723094,20.057989729188847,-0.7964227874260832,-0.7948884215474583,-1.0368754707946979,-0.30374085218966973
2026-10-04 21:16:34,136,33145,0.98,0.634287414917104,1.0177310100668575,14.97996253999138,23.61699473723459,-13.8951799463617,15.991326700975051,-0.2887726375945965,-0.6934416596606476,-1.0177310100668575,-0.09620144729124436
2026-10-04 21:17:06,83,19882,0.53,0.8030439922634758,1.1076838779154397,24.382007873066012,30.361982790435178,-22.89105528796447,25.786899845616574,-0.861418315588427,-0.7642763344588224,-1.1076838779154397,-0.16246602968941498
2026-10-04 21:18:44,78,18876,0.5,0.6245871841831869,1.0494055800113689,17.518171657777728,28.047600241249544,-16.416210397432586,18.55480295368183,-0.3076306500595063,-0.5627269474317622,-1.0494055800113689,-0.2188293787466118
2026-10-04 21:19:46,108,26190,1.03,0.8532675364851975,1.227530772957516,14.325751406975932,16.78928447927007,-12.716946775503047,15.771289467192226,-0.5652212729506227,-1.0116821765382695,-1.227530772957516,-0.2499084692427648
2026-10-04 21:20:15,31,7041,0.48,0.9109892635082628,1.229807840838501,23.630603244758586,25.939496974702,-21.919006259759648,25.226335128333794,-0.6114406346361996,-1.229807840838501,-1.1564920346150571,-0.30958835848439137
2026-10-04 21:24:55,56,13188,0.33,0.777440523174281,1.1989657833139766,10.613836157216813,13.65228058074544,-9.210796499779363,11.85193080405628,-0.2890057215273698,-0.9169632372618199,-1.1989657833139766,-0.236199562173746
2026-10-04 21:28:06,57,13372,0.53,0.5101167446964738,0.785663301528845,10.903721833265157,21.37495376622662,-10.015838360448967,11.724558907345106,-0.26468202076090774,-0.5907444982839232,-0.785663301528845,-0.06763072632245748
2026-10-04 21:28:45,53,12463,0.65,0.8302678844382968,1.020029936076737,22.306096634308016,26.86614411130549,-20.681112431547206,23.820484518831236,-0.8188669673132423,-0.9670632593943975,-1.020029936076737,-0.3334119244996576
2026-10-04 21:29:14,26,7113,0.48,0.778381866836125,1.2525892625480632,11.070333481188039,14.222239690892888,-9.746938483084186,12.25160222078722,-0.8865287066540497,-1.2525892625480632,-0.1528692083033798,-0.21267656019754272
2026-10-04 21:30:14,66,17045,1.0,0.7883855533617158,0.9490937207557726,17.14324273270102,21.74474488985924,-15.58148695816639,18.57414350534375,-0.9490937207557726,-0.8309152646108402,-0.8889463212960165,-0.32370124051473087
2026-10-04 21:32:24,11,2621,0.48,0.6680535754733206,1.0845218207297005,18.79696587313105,28.13691380936517,-17.733289540708423,19.803592960286473,-0.07319060399235777,-0.762258495773382,-1.0845218207297005,-0.15033249908260343
2026-10-04 21:32:55,36,8695,0.52,1.072937140407535,1.3071526041183041,19.730650858609106,18.389381926992286,-17.67244017785739,21.593564429447873,-1.1944111931942782,-1.3071526041183041,-1.1903707277253177,-0.22918972655258302
2026-10-04 21:36:05,73,19143,1.0,0.7284416688585379,1.1768458985242705,9.736464456262269,13.366155277085163,-8.493400047325608,10.837879675112028,-0.34154303897275584,-0.7869960297824581,-1.1768458985242705,-0.039094660506935386
2026-10-04 21:36:34,51,13285,0.48,0.914873606201423,1.151315797378746,10.499550630012152,11.476504031640541,-8.681103858584457,12.046558125076523,-0.8485245855810093,-1.1129244746676912,-1.151315797378746,-0.2526894088646146
2026-10-04 21:37:44,17,4022,0.48,1.0026737484479475,1.3443901278362533,19.7541713638189,19.701494523414674,-17.87120678031571,21.4726463380144,-1.1055571091317018,-0.9812150023128612,-1.3443901278362533,-0.17027731841786653
2026-10-04 21:40:55,131,32616,1.17,1.1011033974899542,1.5730941716739677,24.150735913199675,21.933213509515134,-22.052427049089903,26.080769765150592,-1.055850762413742,-1.0746066038412339,-1.5730941716739677,-0.3247911781317394
2026-10-04 21:43:25,21,5091,0.52,1.2487831303051633,1.6771723589906866,32.099715057948515,25.704795555737814,-29.73617692538713,34.300775435331595,-1.6771723589906866,-1.4822846526954452,-1.0493783310073368,-0.35576316725100354
2026-10-04 21:44:34,57,13145,1.15,0.8595626621238464,1.1376137082997122,19.032683898997824,22.14228786063253,-17.419015294980998,20.51984451577448,-1.1376137082997122,-0.7724325528998197,-1.0170506157998105,-0.17373234379414038
2026-10-04 21:45:35,17,4994,0.5,1.3094324280717,1.6674182869313248,22.086554992080412,16.867273574861418,-19.521970794438683,24.382872659665587,-1.6131911899261941,-1.6674182869313248,-1.1271339977662165,-0.45315839060316937
2026-10-04 21:47:34,8,1671,0.47,0.9093482651957933,1.5181161704234911,28.743422651751935,31.60881672278018,-27.12219371931912,30.277967225793397,-1.5181161704234911,-0.8115529661802392,-0.45266235333656346,-0.3734420165339839
2026-10-04 21:49:14,114,26716,0.98,0.8495583249333472,1.1025897793209276,18.63429671956343,21.934099369840677,-16.9996060493418,20.13671826869131,-0.802093387103175,-0.9826150460510994,-1.1025897793209276,-0.24981400687431152
2026-10-04 21:51:26,94,19876,1.18,0.9585113369055615,1.4179549638197773,18.598476284356302,19.403501626177157,-16.900194613372392,20.1541574428123,-0.6150405844629878,-1.1304471879163125,-1.4179549638197773,-0.09052009324083043
2026-10-04 21:51:55,39,9481,0.48,1.19115625789846,1.5721488993232897,25.065863775857103,21.043304444439933,-22.766747593271415,27.171129120519097,-1.3541464465677213,-1.5721488993232897,-1.11165467313952,-0.36643150821715664
2026-10-04 21:52:25,8,1986,0.5,1.8834239975697926,2.545729990431755,27.381667652158956,14.538238701158045,-26.503649766864637,28.23239266980311,-2.0379684980010415,-1.8442381067096836,2.545729990431755,-0.39226628865951474
2026-10-04 21:56:05,47,10892,1.02,1.254259472477724,1.5812694401629641,22.169215681474995,17.675143116663786,-19.725309216037875,24.369251613359097,-1.3329224967947009,-1.3745582418575233,-1.5812694401629641,-0.3551922185060316
2026-10-04 21:56:35,37,8381,0.5,0.8801126887206991,1.244365138712213,22.787780641531395,25.891889679098835,-21.20031586785776,24.271639834097826,-0.554955935667274,-1.244365138712213,-1.1012846994239387,-0.17071819243664005
2026-10-04 21:57:04,32,8439,0.48,1.1499430583386505,1.345664493652152,26.325136643501732,22.892556681488447,-24.054816030908864,28.414634685619404,-1.2582750761492365,-1.298564893889686,-1.345664493652152,-0.4573141910194733
2026-10-04 21:58:15,33,8150,0.52,0.6069118916032863,0.9475870666900601,15.386191465078165,25.351606514797858,-14.253527101059632,16.441007900352304,-0.48844519766732697,-0.5408465952540071,-0.9475870666900601,-0.21060193968128155
2026-10-04 21:59:15,52,11943,1.0,1.2290129963585463,1.575549263427416,25.216742253625807,20.517880875418502,-22.855139157503686,27.375368378575942,-1.2019523918838804,-1.4173935727267986,-1.575549263427416,-0.32533399303416677
2026-10-04 22:02:25,10,2412,0.52,0.7981699161420447,1.357218661829563,14.902558178009242,18.670909384859776,-13.70596925321901,16.009962127616525,-0.07377748222738623,-0.8363443365404426,-1.357218661829563,-0.03665239380012314
2026-10-04 22:03:25,39,9300,1.0,1.2235351690082252,1.4551957604311199,25.36349303964926,20.729680422842634,-23.015968095917298,27.51142982384576,-1.3983894789159952,-1.3534728447638207,-1.4551957604311199,-0.28840364381752037
2026-10-04 22:08:15,16,3995,0.68,0.6770587721567003,1.0186848319135011,12.457310910152831,18.399157388466236,-11.600506773432159,13.258862425712856,-0.7899527526330403,-1.0186848319135011,-0.2082296887269388,0.35851162099279466
2026-10-04 22:08:45,11,2522,0.5,1.0972638039962133,1.544418141950771,25.83308526022141,23.543185482048912,-24.1114844783967,27.446910652599364,-1.544418141950771,-1.2142559949016696,-0.9168602856245038,0.3401082482742803
2026-10-04 22:09:45,6,1528,0.52,0.8318424212708697,1.132570971885319,29.009686924915886,34.874017221429455,-27.827297571695055,30.145735698761875,-0.7327985445390643,-1.132570971885319,-0.8767269533466204,0.42365834270418623
2026-10-04 22:15:35,23,5351,1.17,1.0282459791456768,1.3411826897359576,28.570842829890164,27.786000051882905,-26.61900057499896,30.39761386044598,-1.3411826897359576,-1.0302071396931125,-1.1388831887156339,-0.2683402673023077
2026-10-04 22:19:45,5,1176,0.5,0.7898577212412665,1.2243172606765926,26.26150495448345,33.24839936136007,-24.78061836995471,27.663228989967543,-0.6812106818896684,-1.2243172606765926,-0.6546058623631714,-0.32247681508339654
2026-10-04 22:20:45,22,5416,1.0,1.3554429673565083,1.6354075797950074,34.52382161982139,25.47050849889499,-31.918960398412345,36.94547990700727,-1.4888386816770391,-1.6354075797950074,-1.5205144531071544,-0.3817587940157109
2026-10-04 22:21:15,11,2994,0.5,0.99402589726169,1.342835401576499,21.863073534913674,21.994470762926152,-20.00372638070676,23.576235909743986,-0.7210119584279653,-1.342835401576499,-1.2499387961437667,-0.2587233728889903
2026-10-04 22:22:25,30,8299,1.17,1.0292477678108536,1.3777849480584186,25.398265962732268,24.6765324706536,-23.45207835352795,27.20558488118487,-0.7953643776835486,-1.268584062343523,-1.3777849480584186,-0.3117731395714278
2026-10-04 22:23:25,5,1248,1.0,0.8044412996479536,1.2092548305867912,26.51960351377527,32.96648683425503,-25.10057060826059,27.86646902991852,-1.2092548305867912,-0.8823374392952594,-0.5824510814609103,-0.09185507031496376
2026-10-04 22:23:55,11,2444,0.5,1.261652139321235,1.653094190857702,30.042392382719843,23.81194581803076,-27.620084072771103,32.28345762101176,-1.0916071424658251,-1.5080101414432296,-1.653094190857702,-0.41066207347389927
2026-10-04 22:24:25,4,923,0.5,2.0713236049490003,3.557169995380786,21.655747285338695,10.455028482076271,-21.811099217495475,21.499272822527672,-1.5918037460400387,-1.3777378657869859,3.557169995380786,-0.27580198858595495
2026-10-04 22:26:05,11,2613,0.5,1.0867510609775397,1.4960914108817116,25.758894955845516,23.70266372933211,-23.708940432875472,27.657322398289566,-0.6721729521412785,-1.3641875535759378,-1.4960914108817116,-0.4159300488151562
2026-10-04 22:28:05,7,1595,1.0,1.0469662991573523,1.2617336817079594,26.20598764585999,25.03040228415356,-24.169133913907647,28.095560909893443,-1.2617336817079594,-1.0531486277180586,-1.2444759290155774,-0.36706875754418833
2026-10-04 22:30:46,1,278,0.52,0.8638172520670918,1.4528953839089045,4.426655886863546,5.124528221994497,5.467178209023238,-3.0496765586187706,-1.4528953839089045,0.2737415507294898,-0.7459194972583449,-0.49242831996670866
2026-10-04 22:36:06,5,1229,0.5,1.5791516640287206,1.996562184939868,33.13259078684302,20.981259458205162,-30.20553802181987,35.82125929262097,-1.996562184939868,-1.7558439431235715,-1.6963992730254687,-0.1669158697121948
2026-10-04 22:37:05,10,2342,0.98,1.3254552069771368,1.9024392457067396,29.719430211688383,22.422055498553732,-27.278760542400367,31.97433795225811,-1.4825261247171737,-1.9024392457067396,-1.0744213199521964,-0.23619071948162773
2026-10-04 22:38:06,2,509,1.02,1.2887775202208025,2.105694475624725,17.98930764780531,13.958427552897769,-15.61346781109313,20.086064876095868,-2.105694475624725,-1.2616719869065034,-0.6128532334922241,-0.4923773689792821
2026-10-04 22:39:17,9,1985,1.18,1.605201696491763,1.8822928481458403,38.60005926848202,24.046859253166815,-35.51106189467706,41.45954213655844,-1.8336055932963704,-1.7905843674522548,-1.8822928481458403,-0.44199743298692384
2026-10-04 22:39:46,14,3740,0.48,1.0669176717121733,1.5813491443987089,34.35105863814252,32.19654107239264,-32.34111220479931,36.249729936632534,-1.5813491443987089,-1.0674844694011678,-0.8743680822982474,-0.3854160357351058
2026-10-04 22:40:46,5,1330,1.0,1.221485755755887,1.642417811057813,18.748072362008248,15.34858042647125,-16.444476251824646,20.798068068582005,-1.0869486868031069,-1.642417811057813,-1.4326213817733218,-0.1916039371231234
2026-10-04 22:41:57,4,951,0.68,1.3905349779013894,2.260478224208602,26.818652092310437,19.28657136894567,-24.331447237803594,29.094000677300357,-2.260478224208602,-1.4026221764418625,-0.7122701055576222,-0.38718293328867615
2026-10-04 22:42:26,7,1685,0.48,1.15338921498388,1.5857370384115181,29.862409266663715,25.891007891105584,-27.756353090575743,31.82941780068765,-1.5857370384115181,-1.5316645853591466,-0.5226779512394537,-0.4329851351017857
2026-10-04 22:42:56,3,806,0.5,1.5147371591108174,2.519144173864019,24.284005917840023,16.031828209783434,-22.353968356254413,26.071555104422806,-2.519144173864019,-1.499392238163026,0.6692063820106582,-0.36825671815200495
2026-10-04 22:44:26,8,2013,1.02,0.6507237095016873,1.1508936595872996,11.39852667058629,17.516691806596505,-10.38177924501526,12.331726571243152,-0.5565092348819953,-1.1508936595872996,0.0013914290094874104,-0.24393586076808355
2026-10-04 22:46:06,7,1630,1.67,1.706995026818008,2.3391762465562307,35.230436054311895,20.63886273880047,-31.951278389779823,38.229348129581126,-2.3391762465562307,-1.752972858282104,-1.6936033981960537,-0.49231723676690636
2026-10-04 22:46:37,3,575,0.52,1.3344536795857023,1.8959203536208948,27.382415248652222,20.519569669254786,-25.12982266688579,29.46328804512688,-1.3260741172051305,-1.8959203536208948,-1.3148125747001567,0.20334166728508896
2026-10-04 22:47:36,19,3995,0.98,1.149608932920622,1.6429863591460774,9.403966558568442,8.180143950932369,-7.0928075390134,11.24994467914673,-1.239220032387715,-1.6429863591460774,-0.9828695742816038,-0.29206117431793477
2026-10-04 22:52:26,2,426,1.17,1.2693290922484275,1.7174804283238783,23.485255415246918,18.502101274340358,-20.98454768097809,25.744187741382063,-1.7174804283238783,-1.3046176216233556,-1.2452634343262818,-0.492278576130456
2026-10-04 22:55:27,34,6559,1.03,0.8943554204029104,1.1931893746362954,22.533621388047635,25.1953763280108,-21.197713947343985,23.79464454717351,-1.0463412935298966,-0.7341673951868983,-1.1931893746362954,0.3767674635235643
2026-10-04 22:58:07,1,311,0.52,1.4143819633453412,1.9264304956175078,30.157820574183248,21.32226043299719,-27.424557129341704,32.66315890768579,-1.9264304956175078,-1.6003974663482772,-1.2194897471413628,-0.4922840692369417
2026-10-04 22:59:47,28,7236,1.67,0.7862662205133046,1.1517167044574836,33.98636776823092,43.22501320995746,-32.804249885923554,35.128728664396256,0.20457724930434562,-1.1517167044574836,-0.9679752774649055,-0.40936404585467234
2026-10-04 23:00:17,2,334,0.5,1.7146247320711379,2.243410234756328,21.38590808215221,12.472646452684511,-17.99472711481049,24.308515484497,-1.992864516005721,-2.243410234756328,-1.5852556696383582,-0.49225794928610794
2026-10-04 23:00:46,1,214,0.48,1.782627147855712,2.4237728083486245,31.24691505444358,17.528575783236498,-27.87771438512005,34.286621902731916,-2.4237728083486245,-2.2434039522793388,-1.2494741862237424,-0.4922565707601517
2026-10-04 23:01:17,3,804,0.52,1.7759130437964943,2.243399926998206,40.007243485830635,22.527704059374628,-36.58878167550811,43.15576575813569,-1.8960333034406402,-2.243399926998206,-1.9352951646716994,-0.49225568751704035
2026-10-04 23:02:16,6,1335,0.98,1.0367494197851037,1.4194147666552668,32.86829162215299,31.70321679945178,-30.931427308568942,34.69720439707644,-1.3180116899262762,-1.4194147666552668,-0.6110046297744212,-0.4173460021515411
2026-10-04 23:02:55,3,708,0.65,1.0493795670581418,1.3373583288366246,31.1608134304907,29.694511317623363,-29.098096898072047,33.09521633423944,-1.3373583288366246,-0.972182475850145,-1.1953309336625164,-0.49224769781810396
2026-10-04 23:08:17,1,278,3.33,1.628521131778924,2.171587381933613,37.571375896918724,23.07085561479784,-34.4449348051799,40.45692820571079,-2.171587381933613,-1.5239102555118733,-1.824263561605182,-0.49223220148021873
2026-10-04 23:12:08,6,1202,1.18,1.162619263587755,1.6015117545861202,29.884164407058634,25.704171041204294,-27.648141458302653,31.964149269422236,-1.0606060325809998,-1.2448762540315936,-1.6015117545861202,-0.4090137699208679
2026-10-04 23:14:37,2,435,1.52,1.6946012384494935,2.8908683917615625,41.3738288420282,24.41508238238038,-38.526328018011654,44.03759161838281,-2.8908683917615625,-1.5535370275655387,-0.804540585745543,-0.26231759529851
2026-10-04 23:20:26,2,605,2.63,1.5376753944500525,2.0778900256338635,40.78158531424649,26.521582813537815,-37.94088450202449,43.43690463983787,-0.9073756217417457,-2.0778900256338635,-2.01855512147116,-0.49219936896661276
2026-10-04 23:23:27,1,324,0.98,1.7784125359241074,2.2431441377467305,31.048646192978083,17.458629854318044,-27.58639560087355,34.16178623236158,-1.9649023106392076,-2.2431441377467305,-1.8751591261480742,-0.49218505695401593
2026-10-04 23:29:47,5,981,4.15,1.4526486021426996,1.97992109806731,29.650457803996165,20.41130784159422,-26.847210982865953,32.21065908072351,-1.6675782398704437,-1.223766008644825,-1.97992109806731,-0.49218275127497224
2026-10-04 23:37:27,1,361,1.0,1.6861235200962787,2.3367482484149926,48.39219307405413,28.70026572625646,-45.36771999593274,51.23844926813954,-2.3367482484149926,-2.243097363347635,-0.7987089659018318,-0.49217469454233503
2026-10-04 23:37:56,1,385,0.48,1.8722432206361859,2.8907577975917795,48.69726992867522,26.010119514348112,-45.47119101002193,51.722519129897506,-2.8907577975917795,-2.243090575426275,-0.6253065417035462,-0.49217320515396673
2026-10-04 23:41:36,2,276,1.98,1.4947135354108818,1.8807521907839264,19.05220056366257,12.746389266104632,-16.23212221608286,21.5056016190712,-1.803775846623842,-1.8807521907839264,-1.459101473242971,-0.12984989233759425
2026-10-04 23:55:37,1,287,5.15,1.3566993559034604,2.243039949247985,28.99271210725035,21.3700345482536,-28.213578088379823,29.751449075947477,1.2904675819400633,-2.243039949247985,-0.7899975472011587,0.204698926941427
2026-10-05 00:11:37,1,357,16.0,1.6401557657238206,2.330496101963571,4.350537259589627,2.652514688243456,-0.8103538288941152,6.09898971684261,-2.330496101963571,-2.2430345530414932,-0.5030516007488866,-0.21205363219454587
2026-10-05 00:29:47,1,336,18.17,1.86242441630706,2.890713217551105,46.391551071886404,24.909226203055628,-43.75502927504527,48.886086311452885,-2.890713217551105,-2.243027840723311,0.49484906430525566,-0.4921650424384541
2026-10-05 01:56:51,6,892,70.38,1.8086292670154183,2.4422470883948795,41.64154510929696,23.023814702508613,-38.28380259011069,44.748039257834094,-2.4422470883948795,-1.906672404678681,-1.8473754441154304,-0.2679417305344227
2026-10-05 02:59:31,1,358,62.67,1.8884485389164105,2.8906593211776355,49.64888550643008,26.290833180404558,-46.1899221371264,52.88208351632342,-2.8906593211776355,-1.9636514096545958,-1.3456956745729949,-0.49215497379179607
