cycle_utc,source_key,cargo,scope,eleicao,dg,hg,dt,ht,idg,ts,st,pst,tv,vv,sha256
2026-10-04T21-36-05-598Z,presidente_br,Presidente,BR,6257,04/10/2026,18:32:24,04/10/2026,18:27:50,1411211,499248,159242,31.896372144,38379106,36743115,f3b90a4e3c7b21a224603c33d97972f1faf0b2e9c4a7a3c078ff6c0c9eae9ae0
2026-10-04T21-36-05-598Z,presidente_pa,Presidente,PA,6257,04/10/2026,18:34:37,04/10/2026,18:34:27,1422533,20827,9210,44.221443319,2219448,2127428,12b3403c99de1e6ca2ff2e499ca79adf3845c2bbacabd65231a7c79d90f0c93b
2026-10-04T21-36-05-598Z,governador_pa,Governador,PA,6259,04/10/2026,18:34:46,04/10/2026,18:34:44,1427017,20827,9247,44.399097326,2225474,2021955,ab5eb077ca50ec1483cda9bc02aa14b86f997c4bc6b68a88569e0a1a66d13eef
2026-10-04T21-36-05-598Z,senador_pa,Senador,PA,6259,04/10/2026,18:34:46,04/10/2026,18:34:44,1419719,20827,9247,44.399097326,4450948,3920373,a3a9932698b5b6e9d830f3ac4e3332c1c276882f23811e94bfd1819184f5352d
2026-10-04T21-36-05-598Z,depfed_pa,Deputado Federal,PA,6259,04/10/2026,18:34:49,04/10/2026,18:34:44,1429755,20827,9247,44.399097326,2225474,2105145,2c4303b30285dcfba5099b329df385ecee7bb74095ee222c96403c3f61084191
2026-10-04T21-36-05-598Z,depest_pa,Deputado Estadual,PA,6259,04/10/2026,18:34:51,04/10/2026,18:34:44,1425348,20827,9247,44.399097326,2225474,2102011,3cd2fa24552ff9a9194db3cbe83c2b5b647b3771fa38c17453a75fa00966787c
2026-10-04T21-38-48-884Z,presidente_pa,Presidente,PA,6257,04/10/2026,18:38:15,04/10/2026,18:38:06,1446362,20827,9652,46.343688481,2319985,2223719,5b9a42276772e1b35344d3c5d8a4b1e000112e2258a6504a59925b8ebbb10da6
2026-10-04T21-38-48-884Z,governador_pa,Governador,PA,6259,04/10/2026,18:37:54,04/10/2026,18:37:52,1444479,20827,9611,46.146828636,2307591,2095788,05e598967b64f5cdb983a5da742754eaca4efd4750fbc21c4ca044da2e4ef2c6
2026-10-04T21-38-48-884Z,senador_pa,Senador,PA,6259,04/10/2026,18:37:55,04/10/2026,18:37:53,1441246,20827,9615,46.166034474,4617530,4068412,a1e47b145a75fbff39af64ac8790038dc905cba044c02e6a99b51b2add65a996
2026-10-04T21-38-48-884Z,depfed_pa,Deputado Federal,PA,6259,04/10/2026,18:37:58,04/10/2026,18:37:53,1441273,20827,9615,46.166034474,2308765,2185054,d843e74c76ffe4818cd0d4c49d8c41eec2cdb4806677c8addca2e13b9c34d618
2026-10-04T21-38-48-884Z,depest_pa,Deputado Estadual,PA,6259,04/10/2026,18:38:00,04/10/2026,18:37:53,1441290,20827,9615,46.166034474,2308765,2181943,3dc5da2ec230f6c18e8d20c753fe9eebcee66d23575fb02790dd48c08d5a66c4
2026-10-04T21-39-46-908Z,presidente_br,Presidente,BR,6257,04/10/2026,18:37:14,04/10/2026,18:32:50,1435247,499248,182745,36.604052495,44133055,42231773,456111f19acdcaf3ad63ceb8da191bae3779655d478a578b79d2d5781a17b603
2026-10-04T21-39-46-908Z,presidente_pa,Presidente,PA,6257,04/10/2026,18:38:50,04/10/2026,18:38:41,1450924,20827,9764,46.881451961,2347429,2250170,08cbefc5f53f574adb760a8a0add4c67e4d8aa59d1be9d358e9eb31bd2bc4413
2026-10-04T21-39-46-908Z,governador_pa,Governador,PA,6259,04/10/2026,18:38:57,04/10/2026,18:38:54,1452824,20827,9819,47.145532242,2357499,2140761,120d541cb85f9a9ca7bb05ca7659c9de2de95ca01b484b80b6041da86cbad64f
2026-10-04T21-39-46-908Z,senador_pa,Senador,PA,6259,04/10/2026,18:38:57,04/10/2026,18:38:54,1451993,20827,9819,47.145532242,4714998,4155051,f0ed96cbe8c52c0a301635471844ec9de474a05f1e6a48305c44d7db79148085
2026-10-04T21-39-46-908Z,depfed_pa,Deputado Federal,PA,6259,04/10/2026,18:39:01,04/10/2026,18:38:54,1450141,20827,9819,47.145532242,2357499,2231708,8b708a789dabb8c7c808a857ec663dc5a2a9eee9776884c5c5400cdf0fa9fc19
2026-10-04T21-39-46-908Z,depest_pa,Deputado Estadual,PA,6259,04/10/2026,18:39:01,04/10/2026,18:38:54,1448469,20827,9819,47.145532242,2357499,2228533,0ad03db5f81df077e9dfa4ee42e28ee10f9cc2e985cc6d1ff587a02171392e79
2026-10-04T21-44-49-070Z,presidente_br,Presidente,BR,6257,04/10/2026,18:43:29,04/10/2026,18:38:05,1469539,499248,207533,41.569119956,50227792,48031741,8d94ebc9c9260c476eaeaaf2a78acb46482bbf8520a5754665d601d4ef32a55d
2026-10-04T21-44-49-070Z,presidente_pa,Presidente,PA,6257,04/10/2026,18:44:10,04/10/2026,18:44:01,1469655,20827,10636,51.068324771,2553117,2447682,264efb13e13a743fd83c178c82d79f4db56e0eaccdba195a1983cd751ad30ea7
2026-10-04T21-44-49-070Z,governador_pa,Governador,PA,6259,04/10/2026,18:43:45,04/10/2026,18:43:42,1476861,20827,10570,50.751428434,2534076,2299844,a58f12736072640c06a538b7beaceda18d2f715cb327dd377234dde5bcf84f30
2026-10-04T21-44-49-070Z,senador_pa,Senador,PA,6259,04/10/2026,18:43:46,04/10/2026,18:43:42,1477854,20827,10570,50.751428434,5068152,4469109,8b6c5ed68bc380810a9c306001db87a82338344f0598a274fa9851e4a9a0f8e0
2026-10-04T21-44-49-070Z,depfed_pa,Deputado Federal,PA,6259,04/10/2026,18:43:48,04/10/2026,18:43:42,1476000,20827,10570,50.751428434,2534076,2400910,9e101e46b0c14bd4ec7d82ca3237fbffb5387165e0d8d11178f6b589533b7b08
2026-10-04T21-44-49-070Z,depest_pa,Deputado Estadual,PA,6259,04/10/2026,18:43:51,04/10/2026,18:43:42,1474358,20827,10570,50.751428434,2534076,2397529,1accdee86258fc378d1ed40f3dc26852fc73a1e2c2c8db004200ce4d96322daa
2026-10-04T23-17-25-721Z,presidente_br,Presidente,BR,6257,04/10/2026,20:16:43,04/10/2026,20:16:36,1724927,499248,449547,90.04482742,112147902,106853501,d7600228d3776e5889a8682b2bcbfebe1332cb5ee464ad8d4dd09deaa56cbe56
2026-10-04T23-17-25-721Z,presidente_pa,Presidente,PA,6257,04/10/2026,20:16:19,04/10/2026,20:16:10,1721462,20827,18258,87.665050175,4429647,4250906,c9907920370e2f30a60ec0b0b19e03d23cb5dad285b9d7925074ee1ac9b3b8f8
2026-10-04T23-17-25-721Z,governador_pa,Governador,PA,6259,04/10/2026,20:16:39,04/10/2026,20:16:32,1725904,20827,18272,87.73227061,4429392,3996026,e88a1e6f4850878dda3701ce09111ad281538ca32442848daf2ceb396727aa58
2026-10-04T23-17-25-721Z,depfed_pa,Deputado Federal,PA,6259,04/10/2026,20:16:43,04/10/2026,20:16:32,1723340,20827,18272,87.73227061,4429392,4216834,bdf979090dcac3616d0b19db3be48609f18c262066029824e2dcb3522d1d8125
2026-10-05T00-01-02-086Z,presidente_br,Presidente,BR,6257,04/10/2026,21:00:07,04/10/2026,20:59:57,1879992,499248,490242,98.196086915,122978134,117117191,0c19dfe033bcce7f3b22e9942e6e6e7db0f4f9883bc008cffbba0da1dd6ad2ae
2026-10-05T00-01-02-086Z,presidente_pa,Presidente,PA,6257,04/10/2026,20:59:39,04/10/2026,20:59:30,1875768,20827,20149,96.744610362,4903323,4706265,3baa2fbcee1ef17ca5f43ff2e99cd591859b89176f6ae2cccd80e0c9ca782214
2026-10-05T00-01-02-086Z,governador_pa,Governador,PA,6259,04/10/2026,20:59:59,04/10/2026,20:59:57,1877196,20827,20188,96.931867288,4909252,4426354,681793814f0df338dbe5c2fa169b97dca22097476d1048ba47b56ee3837cd57a
2026-10-05T00-01-02-086Z,senador_pa,Senador,PA,6259,04/10/2026,20:59:59,04/10/2026,20:59:57,1878873,20827,20188,96.931867288,9818504,8679192,63e73c2cbe4d46205f78290e7e48204db0393d4052a77499370f139870c1daa9
2026-10-05T00-01-02-086Z,depfed_pa,Deputado Federal,PA,6259,04/10/2026,21:00:03,04/10/2026,20:59:57,1880681,20827,20188,96.931867288,4909252,4681868,02a7a5dd4c1bc3851f5ce1539ee2bfa4b5364b0e3b17e54895f54b353536d070
2026-10-05T00-01-02-086Z,depest_pa,Deputado Estadual,PA,6259,04/10/2026,21:00:05,04/10/2026,20:59:57,1878904,20827,20188,96.931867288,4909252,4675027,2d6bdd6a57c78bb860de48f430c89ef56cbb3def6712e40a3bb29c4ddc98292d
