threshold_label,threshold_brt,group,zones,zones_with_2022,valid_votes_2026,lula_votes_2026,flavio_votes_2026,lula_pct_2026,flavio_pct_2026,lula_minus_flavio_pp_2026,valid_votes_2022_matched,lula_votes_2022_matched,bolsonaro_votes_2022_matched,lula_pct_2022_matched,bolsonaro_pct_2022_matched,lula_minus_bolsonaro_pp_2022_matched,late_minus_early_margin_2026_pp,late_minus_early_margin_2022_pp,delta_of_late_gradient_2026_minus_2022_pp
resume_200439,2026-10-04 20:04:39,early,3362,3354,53534665,20373086,28554229,38.055876505438114,53.337830730798444,-15.28195422536033,53617004,22361935,26437758,41.70679697060283,49.30853279306692,-7.601735822464086,,,
resume_200439,2026-10-04 20:04:39,late,2732,2716,65132802,33203747,27272798,50.97853305927173,41.87260053697675,9.105932522294985,63685593,34455679,24241571,54.102784282781194,38.06445046370221,16.038333819078986,24.387886747655315,23.64006964154307,0.7478171061122438
image_end_203035,2026-10-04 20:30:35,early,4020,4006,68339512,26951875,35580527,39.438202309668235,52.06435626874245,-12.626153959074216,68256066,29342255,32832505,42.988494238739165,48.10195917239063,-5.113464933651464,,,
image_end_203035,2026-10-04 20:30:35,late,2074,2064,50327955,26624958,20246500,52.902920454447234,40.22913309312886,12.673787361318375,49046531,27475359,17846824,56.018964929446284,36.38753574641191,19.63142918303437,25.29994132039259,24.744894116685835,0.5550472037067564
2100,2026-10-04 21:00:00,early,5103,5082,94069634,39647828,46714470,42.14731823023783,49.65945758861994,-7.5121393583821074,93446215,42561517,42781446,45.546539257903596,45.78189282465855,-0.23535356675495223,,,
2100,2026-10-04 21:00:00,late,991,988,24597833,13929005,9112557,56.62695978137587,37.04617801088413,19.58078177049174,23856382,14256097,7897883,59.75800102463148,33.10595462463671,26.652046399994774,27.092921128873847,26.887399966749726,0.2055211621241213
2200,2026-10-04 22:00:00,early,5864,5840,113678533,50334140,54315980,44.27761220317648,47.78033157764272,-3.5027193744662384,112575875,53576617,49465678,47.59156169117051,43.93985656340668,3.651705127763833,,,
2200,2026-10-04 22:00:00,late,230,230,4988934,3242693,1511047,64.99771293827499,30.287973342601845,34.70973959567314,4726722,3240997,1213651,68.56754004149175,25.67637783647949,42.891162205012265,38.21245897013938,39.23945707724843,-1.0269981071090513
midnight,2026-10-05 00:00:00,early,6088,6064,118543569,53487725,55796722,45.120731095923055,47.068535620013265,-1.947804524090209,117187376,56729423,50657209,48.40915885001129,43.22753075382454,5.181628096186749,,,
midnight,2026-10-05 00:00:00,late,6,6,123898,89108,30305,71.92045069331225,24.459636152318843,47.460814540993404,115221,88191,22120,76.54073476189237,19.197889273656713,57.34284548823565,49.40861906508361,52.161217392048904,-2.752598326965291
