scenario,uf,municipalities,sum_governor_block_votes,sum_president_block_votes,sum_lula_votes,sum_president_turnout,sum_governor_turnout,state_level_min_alignment_violation_from_muni_totals,sum_municipality_min_alignment_violation,localization_gain_alignment_violation,state_level_min_lula_overlap_from_muni_totals,sum_municipality_min_lula_overlap,localization_gain_lula_overlap,municipalities_with_positive_violation,municipalities_with_positive_lula_overlap,pres_valid_recon_errors,gov_valid_recon_errors
strict_symmetric,MG,853,7197091,6125574,5184038,12628861,12627167,1071517,1127478,55961,0,330138,330138,826,582,0,0
strict_symmetric,MT,142,1568841,1336216,581681,2052133,2049718,232625,232625,0,98389,99030,641,142,141,0,0
strict_symmetric,RR,15,314243,238491,74420,332772,331959,75752,75752,0,55891,55891,0,15,15,0,0
broad_symmetric,MG,853,7197091,6125574,5184038,12628861,12627167,1071517,1127478,55961,0,330138,330138,826,582,0,0
broad_symmetric,MT,142,1574745,1336216,581681,2052133,2049718,238529,238529,0,104293,104681,388,142,141,0,0
broad_symmetric,RR,15,314243,238491,74420,332772,331959,75752,75752,0,55891,55891,0,15,15,0,0
nonleft_symmetric,MG,853,7964434,6765466,5184038,12628861,12627167,1198968,1199350,382,519611,670986,151375,852,793,0,0
nonleft_symmetric,MT,142,1856293,1409314,581681,2052133,2049718,446979,446979,0,385841,385841,0,142,142,0,0
nonleft_symmetric,RR,15,314243,250709,74420,332772,331959,63534,63534,0,55891,55891,0,15,15,0,0
stress_min_violation,MG,853,7197091,6765466,5184038,12628861,12627167,431625,642836,211211,0,330138,330138,766,582,0,0
stress_min_violation,MT,142,1568841,1409314,581681,2052133,2049718,159527,159527,0,98389,99030,641,142,141,0,0
stress_min_violation,RR,15,314243,250709,74420,332772,331959,63534,63534,0,55891,55891,0,15,15,0,0
