hora_brt,nacional_st_visivel,soma_ufs_st_visivel,diferenca_visivel,nacional_gerado_brt_visivel,nacional_st_gerado,soma_ufs_st_gerado,diferenca_gerado,nacional_gerado_brt_gerado,andamento_br_st_visivel
18:40,182745,201409,18664,18:37:14,182745,213386,30641,18:37:14,207545
18:41,182745,213179,30434,18:37:14,182745,216426,33681,18:37:14,214572
18:42,182745,215126,32381,18:37:14,182745,220933,38188,18:37:14,214572
18:43,182745,218771,36026,18:37:14,182745,222972,40227,18:37:14,224608
18:44,182745,226996,44251,18:37:14,207533,227878,20345,18:43:29,224608
18:45,207533,232106,24573,18:43:29,207533,234454,26921,18:43:29,235927
18:46,207533,233837,26304,18:43:29,207533,239888,32355,18:43:29,235927
18:47,207533,237298,29765,18:43:29,207533,241696,34163,18:43:29,246131
18:48,207533,243351,35818,18:43:29,207533,246838,39305,18:43:29,246131
18:49,207533,246809,39276,18:43:29,235931,253934,18003,18:48:59,256309
18:50,207533,254079,46546,18:43:29,235931,255342,19411,18:48:59,256309
18:51,207533,257850,50317,18:43:29,235931,263475,27544,18:48:59,263405
18:52,235931,261302,25371,18:48:59,235931,263475,27544,18:48:59,263405
18:53,235931,261518,25587,18:48:59,235931,263475,27544,18:48:59,263405
18:54,235931,263475,27544,18:48:59,235931,263475,27544,18:48:59,263405
18:55,235931,263476,27545,18:48:59,235931,264249,28318,18:48:59,263405
18:56,235931,264146,28215,18:48:59,235931,268731,32800,18:48:59,263405
18:57,235931,266921,30990,18:48:59,235931,270774,34843,18:48:59,271543
18:58,235931,271606,35675,18:48:59,235931,276951,41020,18:48:59,278069
18:59,235931,275842,39911,18:48:59,235931,283019,47088,18:48:59,282340
19:00,235931,282931,47000,18:48:59,235931,286369,50438,18:48:59,289266
19:01,235931,285529,49598,18:48:59,235931,292477,56546,18:48:59,290836
19:02,235931,292921,56990,18:48:59,235931,295957,60026,18:48:59,295792
19:03,235931,297075,61144,18:48:59,235931,297648,61717,18:48:59,301385
19:04,235931,298115,62184,18:48:59,235931,304843,68912,18:48:59,306618
19:05,235931,306089,70158,18:48:59,235931,307209,71278,18:48:59,309718
19:06,235931,307209,71278,18:48:59,235931,313492,77561,18:48:59,314581
19:07,235931,312699,76768,18:48:59,235931,321177,85246,18:48:59,323523
19:08,235931,322050,86119,18:48:59,235931,322978,87047,18:48:59,325991
19:09,235931,324016,88085,18:48:59,235931,326710,90779,18:48:59,329243
19:10,235931,327050,91119,18:48:59,235931,329549,93618,18:48:59,332506
19:11,235931,333952,98021,18:48:59,235931,335949,100018,18:48:59,340434
19:12,235931,336641,100710,18:48:59,235931,344137,108206,18:48:59,343573
19:13,235931,344137,108206,18:48:59,235931,345815,109884,18:48:59,347907
19:14,235931,345942,110011,18:48:59,235931,352706,116775,18:48:59,353426
19:15,323539,348902,25363,19:14:08,323539,356251,32712,19:14:08,358350
19:16,323539,357291,33752,19:14:08,323539,360963,37424,19:14:08,361507
19:17,323539,359735,36196,19:14:08,323539,365753,42214,19:14:08,368307
19:18,323539,363249,39710,19:14:08,323539,367369,43830,19:14:08,372570
19:19,323539,367369,43830,19:14:08,323539,367369,43830,19:14:08,372570
19:20,323539,367369,43830,19:14:08,323539,367369,43830,19:14:08,372570
19:21,323539,367369,43830,19:14:08,323539,367369,43830,19:14:08,372570
19:22,323539,367369,43830,19:14:08,323539,367369,43830,19:14:08,372570
19:23,323539,367369,43830,19:14:08,323539,367369,43830,19:14:08,372570
19:24,323539,367369,43830,19:14:08,323539,367369,43830,19:14:08,372570
19:25,323539,367369,43830,19:14:08,323539,367369,43830,19:14:08,372570
19:26,323539,367369,43830,19:14:08,323539,367369,43830,19:14:08,372570
19:27,323539,367369,43830,19:14:08,323539,411267,87728,19:14:08,372570
19:28,323539,367369,43830,19:14:08,323539,411267,87728,19:14:08,372570
19:29,323539,367369,43830,19:14:08,323539,411267,87728,19:14:08,372570
19:30,323539,411267,87728,19:14:08,323539,411348,87809,19:14:08,412351
19:31,323539,411367,87828,19:14:08,323539,411522,87983,19:14:08,419862
19:32,323539,411570,88031,19:14:08,323539,411863,88324,19:14:08,422054
19:33,323539,413175,89636,19:14:08,323539,423988,100449,19:14:08,423922
19:34,323539,414489,90950,19:14:08,323539,423988,100449,19:14:08,423922
19:35,323539,418369,94830,19:14:08,323539,423988,100449,19:14:08,423922
19:36,323539,418370,94831,19:14:08,323539,423988,100449,19:14:08,423922
19:37,323539,418370,94831,19:14:08,323539,423988,100449,19:14:08,423922
19:38,323539,419491,95952,19:14:08,323539,423988,100449,19:14:08,423922
19:39,323539,423988,100449,19:14:08,323539,423988,100449,19:14:08,423922
19:40,323539,423988,100449,19:14:08,323539,423988,100449,19:14:08,423922
19:41,323539,423988,100449,19:14:08,323539,423988,100449,19:14:08,423922
19:42,323539,423988,100449,19:14:08,323539,423988,100449,19:14:08,423922
19:43,323539,423988,100449,19:14:08,323539,423988,100449,19:14:08,423922
19:44,323539,423988,100449,19:14:08,323539,423988,100449,19:14:08,423922
19:45,323539,423988,100449,19:14:08,323539,423988,100449,19:14:08,423922
19:46,323539,423988,100449,19:14:08,323539,423988,100449,19:14:08,423922
19:47,323539,423988,100449,19:14:08,323539,423988,100449,19:14:08,424136
19:48,323539,423988,100449,19:14:08,323539,423988,100449,19:14:08,424136
19:49,323539,423988,100449,19:14:08,323539,423988,100449,19:14:08,424136
19:50,323539,423988,100449,19:14:08,323539,423988,100449,19:14:08,424136
19:51,323539,423988,100449,19:14:08,323539,423988,100449,19:14:08,424136
19:52,323539,423988,100449,19:14:08,323539,423988,100449,19:14:08,424136
19:53,323539,423988,100449,19:14:08,323539,423988,100449,19:14:08,424136
19:54,323539,423988,100449,19:14:08,323539,423988,100449,19:14:08,424136
19:55,323539,423988,100449,19:14:08,323539,423988,100449,19:14:08,424136
19:56,323539,423988,100449,19:14:08,323539,423988,100449,19:14:08,424136
19:57,323539,423988,100449,19:14:08,323539,423988,100449,19:14:08,424136
19:58,323539,423988,100449,19:14:08,323539,423988,100449,19:14:08,424136
19:59,323539,423988,100449,19:14:08,323539,423988,100449,19:14:08,424136
20:00,323539,423988,100449,19:14:08,323539,423988,100449,19:14:08,424136
20:01,323539,423988,100449,19:14:08,323539,423988,100449,19:14:08,424136
20:02,323539,423988,100449,19:14:08,323539,423988,100449,19:14:08,424136
20:03,323539,423989,100450,19:14:08,323539,424137,100598,19:14:08,424136
20:04,323539,424132,100593,19:14:08,323539,424146,100607,19:14:08,424136
20:05,323539,424146,100607,19:14:08,424153,425997,1844,20:04:39,424136
20:06,424153,425182,1029,20:04:39,424153,426529,2376,20:04:39,427618
20:07,424153,426053,1900,20:04:39,424153,426529,2376,20:04:39,427618
20:08,424153,426529,2376,20:04:39,424153,433184,9031,20:04:39,427618
20:09,424153,433795,9642,20:04:39,424153,434221,10068,20:04:39,434480
20:10,424153,434221,10068,20:04:39,424153,434221,10068,20:04:39,434480
