from_brt,generated_brt,d_sections,d_vv,d_lula,d_flavio,lula_batch_share_pct,flavio_batch_share_pct,lula_minus_flavio_batch_margin_pp,lula_exact_pct_before,lula_exact_pct_after,lula_exact_change_pp,flavio_exact_pct_before,flavio_exact_pct_after,flavio_exact_change_pp,lula_increases_exact,flavio_decreases_exact
2026-10-04 20:04:39,2026-10-04 20:10:56,16476,4156336,2107553,1747825,50.70699288989148,42.05206220093852,8.654930688952959,43.49215013320777,43.778705663475776,0.2865555302680036,48.46621291916584,48.211458876386764,-0.25475404277907643,True,True
2026-10-04 20:10:56,2026-10-04 20:11:55,1903,477726,241644,202744,50.582132854397706,42.43938994318919,8.142742911208515,43.778705663475776,43.809622838841086,0.030917175365310356,48.211458876386764,48.18522855710497,-0.026230319281793868,True,True
2026-10-04 20:11:55,2026-10-04 20:12:23,1066,257646,136511,105140,52.98393920340312,40.80793026090061,12.176008942502506,43.809622838841086,43.83205273268399,0.02242989384290439,48.18522855710497,48.16719211590806,-0.01803644119691228,True,True
2026-10-04 20:12:23,2026-10-04 20:13:34,2176,528839,282809,211044,53.47733431157687,39.90704165161798,13.570292659958888,43.83205273268399,43.88021362592127,0.04816089323728079,48.16719211590806,48.125947469872514,-0.04124464603554401,True,True
2026-10-04 20:13:34,2026-10-04 20:14:06,817,202244,104389,82301,51.615375487035465,40.693914281758666,10.921461205276799,43.88021362592127,43.89495617837068,0.014742552449405366,48.125947469872514,48.1117826545721,-0.014164815300411249,True,True
2026-10-04 20:14:06,2026-10-04 20:14:34,645,160573,86265,63099,53.723228687263735,39.296145678289626,14.427083008974108,43.89495617837068,43.90980598016668,0.014849801796003703,48.1117826545721,48.098462871091854,-0.01331978348024876,True,True
2026-10-04 20:14:34,2026-10-04 20:15:15,836,209551,107660,87580,51.37651454777119,41.79412171738622,9.582392830384968,43.90980598016668,43.92449978915621,0.014693808989527213,48.098462871091854,48.086056496331324,-0.012406374760530525,True,True
2026-10-04 20:15:15,2026-10-04 20:15:44,512,128038,66926,51774,52.27041971914588,40.436432933972725,11.833986785173153,43.92449978915621,43.934522995212035,0.010023206055826961,48.086056496331324,48.07686952187456,-0.00918697445676031,True,True
2026-10-04 20:15:44,2026-10-04 20:16:43,963,241416,125092,99400,51.81595254664148,41.17374159127812,10.64221095536336,43.934522995212035,43.95232964804775,0.017806652835716363,48.07686952187456,48.06127316315073,-0.015596358723833248,True,True
2026-10-04 20:16:43,2026-10-04 20:17:43,734,184593,94808,77837,51.36056080133049,42.16682106038691,9.193739740943585,43.95232964804775,43.96510554457369,0.012775896525937469,48.06127316315073,48.05110786072106,-0.01016530242966951,True,True
2026-10-04 20:17:43,2026-10-04 20:18:13,292,74277,37371,31769,50.313017488590006,42.77097890329443,7.542038585295579,43.96510554457369,43.96950749974529,0.004401955171601912,48.05110786072106,48.04744635892711,-0.0036615017939496397,True,True
2026-10-04 20:18:13,2026-10-04 20:18:55,295,71372,37035,29485,51.890096956789776,41.31171888135403,10.578378075435744,43.96950749974529,43.974781698004335,0.005274198259044738,48.04744635892711,48.04296114197094,-0.0044852169561693245,True,True
2026-10-04 20:18:55,2026-10-04 20:20:54,1249,315445,167256,126600,53.02223842508203,40.13377926421405,12.888459160867981,43.974781698004335,44.0013305030732,0.026548805068863146,48.04296114197094,48.01975248408388,-0.023208657887060724,True,True
2026-10-04 20:20:54,2026-10-04 20:22:34,808,202789,105619,82744,52.08319977908072,40.8030021352243,11.280197643856425,44.0013305030732,44.01654762567636,0.015217122603161215,48.01975248408388,48.00616426938941,-0.013588214694472356,True,True
2026-10-04 20:22:34,2026-10-04 20:23:04,249,61808,31533,25888,51.01766761584261,41.88454568987833,9.133121925964282,44.01654762567636,44.02056312331643,0.004015497640068588,48.00616426938941,48.00265321044542,-0.00351105894398529,True,True
2026-10-04 20:23:04,2026-10-04 20:24:03,559,142012,77517,54922,54.58482381770555,38.674196546770695,15.910627270934853,44.02056312331643,44.03446647078655,0.013903347470119343,48.00265321044542,47.99037627237024,-0.012276938075181931,True,True
2026-10-04 20:24:03,2026-10-04 20:25:44,892,226508,115736,94957,51.09576703692585,41.92213961537782,9.173627421548026,44.03446647078655,44.0492579900151,0.014791519228552374,47.99037627237024,47.9776649540579,-0.012711318312341291,True,True
2026-10-04 20:25:44,2026-10-04 20:26:23,341,86946,44939,35978,51.68610401858625,41.37970694454029,10.306397074045961,44.0492579900151,44.05539361938478,0.006135629369680373,47.9776649540579,47.972363992798286,-0.005300961259614212,True,True
2026-10-04 20:26:23,2026-10-04 20:26:54,246,62775,36189,22252,57.64874551971326,35.44723217841497,22.201513341298288,44.05539361938478,44.06327417627003,0.007880556885247358,47.972363992798286,47.965102721665,-0.007261271133288005,True,True
2026-10-04 20:26:54,2026-10-04 20:27:15,145,37688,20037,15316,53.16546380810868,40.63893016344725,12.526533644661434,44.06327417627003,44.066441128158814,0.0031669518887866843,47.965102721665,47.96255370467466,-0.0025490169903363835,True,True
2026-10-04 20:27:15,2026-10-04 20:27:54,352,87975,47023,34780,53.450412048877524,39.53395851094061,13.916453537936917,44.066441128158814,44.07405640756718,0.007615279408362596,47.96255370467466,47.95571373170772,-0.006839972966943719,True,True
2026-10-04 20:27:54,2026-10-04 20:28:23,201,50093,23882,22464,47.675323897550555,44.844589064340326,2.8307348332102293,44.07405640756718,44.07571971184142,0.0016633042742455473,47.95571373170772,47.95427680791038,-0.0014369237973355098,True,True
2026-10-04 20:28:23,2026-10-04 20:29:25,508,128500,68399,51101,53.228793774319065,39.76731517509727,13.461478599221792,44.07571971184142,44.08655137487809,0.010831663036668715,47.95427680791038,47.94458843337135,-0.009688374539031486,True,True
2026-10-04 20:29:25,2026-10-04 20:29:54,151,39293,21741,14816,55.33046598630799,37.70646171073728,17.624004275570712,44.08655137487809,44.090618622732265,0.004067247854173672,47.94458843337135,47.94088500797349,-0.0037034253978589504,True,True
2026-10-04 20:29:54,2026-10-04 20:30:35,348,87494,46122,35278,52.71447184949825,40.32047911856813,12.393992730930123,44.090618622732265,44.097559236415265,0.006940613682999697,47.94088500797349,47.9347519846027,-0.006133023370793467,True,True
2026-10-04 20:30:35,2026-10-04 20:31:05,292,77282,42068,29610,54.434409047384904,38.314225822313084,16.12018322507182,44.097559236415265,44.10490228126941,0.00734304485414583,47.9347519846027,47.92791779851873,-0.006834186083970906,True,True
2026-10-04 20:31:05,2026-10-04 20:32:34,633,157601,82076,65088,52.07834975666398,41.2992303348329,10.779119421831084,44.10490228126941,44.11643644297233,0.011534161702918766,47.92791779851873,47.91832892829413,-0.009588870224597201,True,True
2026-10-04 20:32:34,2026-10-04 20:33:44,589,149179,77903,61026,52.22115713337668,40.90790258682522,11.313254546551455,44.11643644297233,44.127518807071105,0.011082364098776054,47.91832892829413,47.90874289810609,-0.009586030188039274,True,True
2026-10-04 20:33:44,2026-10-04 20:34:15,247,63169,35580,23254,56.32509617059,36.81236049327993,19.51273567731007,44.127518807071105,44.13457731428001,0.007058507208903109,47.90874289810609,47.902321631582176,-0.006421266523915392,True,True
2026-10-04 20:34:15,2026-10-04 20:35:54,822,206976,107398,84961,51.88910791589363,41.04872062461348,10.840387291280152,44.13457731428001,44.14925265213701,0.014675337856999704,47.902321631582176,47.88935129005133,-0.01297034153084553,True,True
2026-10-04 20:35:54,2026-10-04 20:36:54,526,130422,72132,49896,55.30662004876478,38.25734922022358,17.049270828541196,44.14925265213701,44.16254212029188,0.013289468154873418,47.88935129005133,47.87787867467314,-0.011472615378188777,True,True
2026-10-04 20:36:54,2026-10-04 20:38:04,621,156177,81589,63995,52.241367166740304,40.97594396101859,11.265423205721717,44.16254212029188,44.17404856873503,0.011506448443149964,47.87787867467314,47.86804843878066,-0.009830235892479777,True,True
2026-10-04 20:38:04,2026-10-04 20:39:34,700,175499,92378,71128,52.63733696488299,40.52900586328127,12.10833110160172,44.17404856873503,44.18757226095088,0.01352369221584837,47.86804843878066,47.856321206019075,-0.011727232761586492,True,True
2026-10-04 20:39:34,2026-10-04 20:40:15,346,89050,45831,37296,51.466591802358224,41.8820887142055,9.584503088152722,44.18757226095088,44.19346933140162,0.005897070450743058,47.856321206019075,47.85148120391537,-0.0048400021037053875,True,True
2026-10-04 20:40:15,2026-10-04 20:41:45,841,211234,108607,87630,51.41549182423284,41.484798848670195,9.930692975562643,44.19346933140162,44.20732151914973,0.013852187748106815,47.85148120391537,47.8392695998384,-0.012211604076966864,True,True
2026-10-04 20:41:45,2026-10-04 20:42:14,240,59151,32603,22665,55.11825666514514,38.31718821321702,16.801068451928117,44.20732151914973,44.21317867225518,0.005857153105452539,47.8392695998384,47.83415800419442,-0.005111595643981559,True,True
2026-10-04 20:42:14,2026-10-04 20:43:24,560,136660,72553,55112,53.09015073906044,40.3278208693107,12.762329869749742,44.21317867225518,44.22417456480516,0.010995892549978237,47.83415800419442,47.8248599151661,-0.009298089028320078,True,True
2026-10-04 20:43:24,2026-10-04 20:44:53,941,233948,123194,94484,52.65871048267136,40.386752611691485,12.271957870979875,44.22417456480516,44.24202236884082,0.017847804035660886,47.8248599151661,47.80912059259502,-0.01573932257107913,True,True
2026-10-04 20:44:53,2026-10-04 20:45:34,349,88889,45046,37731,50.67668665414168,42.44732194084757,8.22936471329411,44.24202236884082,44.24719163798134,0.005169269140516519,47.80912059259502,47.80481320699117,-0.004307385603851799,True,True
2026-10-04 20:45:34,2026-10-04 20:47:04,1229,308525,161466,125444,52.33481889636172,40.65926586176161,11.675553034600107,44.24719163798134,44.26967998031595,0.02248834233461139,47.80481320699117,47.78494439878154,-0.019868808209629663,True,True
2026-10-04 20:47:04,2026-10-04 20:48:15,989,253471,134673,101991,53.13152194925652,40.2377392285508,12.893782720705723,44.26967998031595,44.289877928755196,0.020197948439246716,47.78494439878154,47.767742776204315,-0.01720162257722535,True,True
2026-10-04 20:48:15,2026-10-04 20:48:44,395,95888,51774,38298,53.99424328383114,39.94034707158352,14.053896212247622,44.289877928755196,44.298238040489935,0.008360111734738496,47.767742776204315,47.76099963533026,-0.006743140874057474,True,True
2026-10-04 20:48:44,2026-10-04 20:50:25,4589,1160029,622686,460667,53.6784856240663,39.71167962180256,13.966806002263738,44.298238040489935,44.39499028592755,0.09675224543761374,47.76099963533026,47.677975197156755,-0.0830244381735028,True,True
2026-10-04 20:50:25,2026-10-04 20:51:35,2486,624826,337768,246054,54.05792972763617,39.379603281553585,14.678326446082586,44.39499028592755,44.44837785343658,0.053387567509034284,47.677975197156755,47.6321268408122,-0.04584835634455686,True,True
2026-10-04 20:51:35,2026-10-04 20:52:35,1846,463851,245197,188359,52.86115584530377,40.60765202618944,12.253503819114329,44.44837785343658,44.48274251424615,0.03436466080956535,47.6321268408122,47.603433144793684,-0.02869369601851446,True,True
2026-10-04 20:52:35,2026-10-04 20:53:07,1081,279225,141330,118511,50.615095353209774,42.442832840898916,8.172262512310859,44.48274251424615,44.49778463172743,0.01504211748127915,47.603433144793684,47.59077465007175,-0.012658494721932811,True,True
2026-10-04 20:53:07,2026-10-04 20:53:34,921,227655,127972,85501,56.21312951615383,37.55726867409018,18.655860842063646,44.49778463172743,44.52116719627441,0.023382564546984952,47.59077465007175,47.57074885455054,-0.02002579552121375,True,True
2026-10-04 20:53:34,2026-10-04 20:54:17,1323,341790,176243,143275,51.56470347289271,41.91901459960795,9.645688873284762,44.52116719627441,44.54221033634563,0.02104314007122099,47.57074885455054,47.553863836726904,-0.01688501782363261,True,True
2026-10-04 20:54:17,2026-10-04 20:55:27,2010,504873,279310,194467,55.32282375963856,38.5180035375233,16.80482022211526,44.54221033634563,44.589577097988425,0.047366761642791744,47.553863836726904,47.51416299372059,-0.03970084300631527,True,True
2026-10-04 20:55:27,2026-10-04 20:55:56,790,199038,110634,75799,55.58436077532934,38.08267767963906,17.501683095690275,44.589577097988425,44.60858871921934,0.019011621230916376,47.51416299372059,47.497854548579845,-0.016308445140744254,True,True
2026-10-04 20:55:56,2026-10-04 20:56:30,878,227278,125615,87665,55.269317751828154,38.57170513644083,16.69761261538732,44.60858871921934,44.62959669008704,0.02100797086770001,47.497854548579845,47.48026473026279,-0.017589818317055972,True,True
2026-10-04 20:56:30,2026-10-04 20:56:55,1148,293934,167097,108394,56.84847618853212,36.87698599005219,19.971490198479927,44.62959669008704,44.66065770234582,0.031061012258781773,47.48026473026279,47.453310657184744,-0.02695407307804487,True,True
2026-10-04 20:56:55,2026-10-04 20:57:34,1171,292284,164395,110707,56.24495353833942,37.876517359828114,18.36843617851131,44.66065770234582,44.68986643167669,0.029208729330868266,47.453310657184744,47.42916365962525,-0.024146997559491012,True,True
2026-10-04 20:57:34,2026-10-04 20:59:36,3623,906516,513914,338299,56.69111190536074,37.318591177651584,19.37252072770916,44.68986643167669,44.78298938702688,0.09312295535018933,47.42916365962525,47.350711269673866,-0.07845238995138715,True,True
2026-10-04 20:59:36,2026-10-04 21:00:07,1139,289702,160764,110668,55.49288579298727,38.200633754685846,17.292252038301427,44.78298938702688,44.8094814705725,0.026492083545619494,47.350711269673866,47.32807756634122,-0.022633703332644473,True,True
2026-10-04 21:00:07,2026-10-04 21:01:17,1397,347979,204079,123783,58.64692984346757,35.571974170855135,23.074955672612433,44.8094814705725,44.85047354888262,0.04099207831011853,47.32807756634122,47.29325126758851,-0.03482629875271215,True,True
2026-10-04 21:01:17,2026-10-04 21:01:46,467,114268,70761,37297,61.9254734483845,32.63993418979942,29.285539258585082,44.85047354888262,44.867067658547576,0.016594109664957557,47.29325126758851,47.27901063789742,-0.014240629691087747,True,True
2026-10-04 21:01:46,2026-10-04 21:03:44,389,97131,61022,31028,62.82443298226107,31.944487341837313,30.87994564042376,44.867067658547576,44.88188978385323,0.014822125305656186,47.27901063789742,47.266353423339524,-0.01265721455789759,True,True
2026-10-04 21:03:44,2026-10-04 21:04:25,122,29150,19678,8380,67.50600343053173,28.747855917667238,38.7581475128645,44.88188978385323,44.88749267994361,0.005602896090380227,47.266353423339524,47.26176728931922,-0.004586134020300392,True,True
2026-10-04 21:04:25,2026-10-04 21:04:55,100,24557,15431,7856,62.837480148226575,31.990878364621086,30.84660178360549,44.88749267994361,44.891236813205126,0.0037441332615131273,47.26176728931922,47.258581981070016,-0.003185308249207708,True,True
2026-10-04 21:04:55,2026-10-04 21:06:35,319,75191,50357,20996,66.97211102392573,27.923554680746367,39.04855634317937,44.891236813205126,44.905330242441124,0.014093429235998656,47.258581981070016,47.246241127332404,-0.012340853737612179,True,True
2026-10-04 21:06:35,2026-10-04 21:07:35,153,36071,19191,14680,53.203404396883926,40.697513237781045,12.50589115910288,44.905330242441124,44.90787026218209,0.002540019740962407,47.246241127332404,47.24423657810712,-0.0020045492252833697,True,True
2026-10-04 21:07:35,2026-10-04 21:08:04,97,25080,15146,8581,60.390749601275914,34.21451355661882,26.176236044657095,44.90787026218209,44.91116475404427,0.0032944918621851116,47.24423657810712,47.241464075943874,-0.0027725021632463154,True,True
2026-10-04 21:08:04,2026-10-04 21:09:36,297,70043,42154,24250,60.18303042416801,34.6215895949631,25.561440829204912,44.91116475404427,44.92023476906812,0.009070015023844746,47.241464075943874,47.233969087864885,-0.00749498807898874,True,True
2026-10-04 21:09:36,2026-10-04 21:10:14,136,32537,21127,9891,64.9322309985555,30.399237790822756,34.532993207732744,44.92023476906812,44.925754263413744,0.005519494345627152,47.233969087864885,47.22932591268443,-0.004643175180454762,True,True
2026-10-04 21:10:14,2026-10-04 21:10:44,88,24372,14981,8081,61.46807812243558,33.15690136221894,28.31117676021664,44.925754263413744,44.9291711404274,0.0034168770136560056,47.22932591268443,47.2264192023345,-0.0029067103499329505,True,True
2026-10-04 21:10:44,2026-10-04 21:11:14,44,11480,7128,3733,62.09059233449477,32.51742160278746,29.573170731707314,44.9291711404274,44.93084067164922,0.001669531221821785,47.2264192023345,47.224988252621394,-0.0014309497131037574,True,True
2026-10-04 21:11:14,2026-10-04 21:11:45,58,14058,9271,4109,65.94821453976384,29.228908806373596,36.71930573339024,44.93084067164922,44.933344183553736,0.002503511904514255,47.224988252621394,47.22284462614308,-0.0021436264783147863,True,True
2026-10-04 21:11:45,2026-10-04 21:12:55,194,45508,26144,16605,57.44923969411972,36.48809000615277,20.96114968796695,44.933344183553736,44.93816843481709,0.004824251263350732,47.22284462614308,47.21870691554191,-0.004137710601170852,True,True
2026-10-04 21:12:55,2026-10-04 21:13:25,58,14464,8733,4880,60.3774889380531,33.73893805309734,26.638550884955755,44.93816843481709,44.94005966171146,0.0018912268943722665,47.21870691554191,47.21705572231762,-0.0016511932242906369,True,True
2026-10-04 21:13:25,2026-10-04 21:15:04,306,72333,47127,21477,65.15283480569035,29.69184189788893,35.46099290780141,44.94005966171146,44.952434043256005,0.012374381544546509,47.21705572231762,47.20632668184849,-0.010729040469129814,True,True
2026-10-04 21:15:04,2026-10-04 21:16:34,216,53065,33400,16951,62.94167530387261,31.943842457363612,30.997832846508995,44.952434043256005,44.960509871715686,0.008075828459681134,47.20632668184849,47.199474964053394,-0.006851717795093748,True,True
2026-10-04 21:16:34,2026-10-04 21:17:06,83,19882,14066,4833,70.74740971733226,24.308419676088924,46.438990041243336,44.960509871715686,44.96484650033208,0.004336628616393057,47.199474964053394,47.19562533474489,-0.003849629308504632,True,True
2026-10-04 21:17:06,2026-10-04 21:18:44,210,51128,32952,15252,64.45000782350179,29.831012361132842,34.61899546236895,44.96484650033208,44.973269524789444,0.008423024457364647,47.19562533474489,47.188118978634016,-0.007506356110873469,True,True
2026-10-04 21:18:44,2026-10-04 21:19:46,108,26190,15909,9028,60.74455899198167,34.47117220313097,26.2733867888507,44.973269524789444,44.9767610227811,0.0034914979916536026,47.188118978634016,47.185303660697016,-0.0028153179369994064,True,True
2026-10-04 21:19:46,2026-10-04 21:20:15,31,7041,4943,1779,70.20309615111489,25.26629740093737,44.93679875017752,44.9767610227811,44.97826233753744,0.0015013147563394114,47.185303660697016,47.183999177609216,-0.001304483087800179,True,True
2026-10-04 21:20:15,2026-10-04 21:24:55,478,116923,74215,36839,63.47339702197173,31.507060202013292,31.966336819958435,44.97826233753744,44.99652279698007,0.01826045944262944,47.183999177609216,47.168521155241024,-0.015478022368192512,True,True
2026-10-04 21:24:55,2026-10-04 21:28:06,365,90351,53363,31912,59.061880886763845,35.32002966209561,23.74185122466824,44.99652279698007,45.00724556220864,0.010722765228571518,47.168521155241024,47.159488424486305,-0.009032730754718443,True,True
2026-10-04 21:28:06,2026-10-04 21:28:45,53,12463,8578,3300,68.82773008103987,26.4783759929391,42.349354088100775,45.00724556220864,45.00975023246738,0.002504670258744568,47.159488424486305,47.157313852126784,-0.002174572359521676,True,True
2026-10-04 21:28:45,2026-10-04 21:29:14,26,7113,4073,2661,57.2613524532546,37.4103753690426,19.850977084212005,45.00975023246738,45.01048541809421,0.0007351856268300594,47.157313852126784,47.156728964619894,-0.0005848875068892312,True,True
2026-10-04 21:29:14,2026-10-04 21:30:14,66,17045,10838,5382,63.58462892343796,31.575242006453504,32.009386916984454,45.01048541809421,45.01315593091857,0.0026705128243591503,47.156728964619894,47.15448872346248,-0.0022402411574162784,True,True
2026-10-04 21:30:14,2026-10-04 21:32:24,129,31882,21793,8704,68.35518474374256,27.300671225142715,41.05451351859984,45.01315593091857,45.019431545250235,0.006275614331663348,47.15448872346248,47.14915093116389,-0.005337792298590216,True,True
2026-10-04 21:32:24,2026-10-04 21:32:55,36,8695,5792,2563,66.61299597469811,29.4767107533065,37.13628522139161,45.019431545250235,45.02101473937066,0.0015831941204282884,47.14915093116389,47.14785522551628,-0.0012957056476068374,True,True
2026-10-04 21:32:55,2026-10-04 21:36:05,291,71398,46194,21980,64.69929129667497,30.78517605535169,33.91411524132328,45.02101473937066,45.03285474658325,0.011840007212583714,47.14785522551628,47.13801014386861,-0.009845081647668508,True,True
2026-10-04 21:36:05,2026-10-04 21:36:34,51,13285,7583,5109,57.07941287165977,38.456906285284155,18.622506586375614,45.03285474658325,45.03420325847765,0.0013485118944061014,47.13801014386861,47.13703836656191,-0.0009717773067023927,True,True
2026-10-04 21:36:34,2026-10-04 21:37:44,91,23307,14149,8150,60.707083708757025,34.96803535418544,25.739048354571587,45.03420325847765,45.03728063160551,0.003077373127858607,47.13703836656191,47.134648980451175,-0.0023893861107353587,True,True
2026-10-04 21:37:44,2026-10-04 21:40:55,286,69815,47730,19096,68.366396906109,27.352288190217003,41.014108715892,45.03728063160551,45.05099376282068,0.013713131215169483,47.134648980451175,47.123020674172004,-0.011628306279170886,True,True
2026-10-04 21:40:55,2026-10-04 21:43:25,131,32326,21010,9887,64.99412237827136,30.58528738476768,34.408834993503675,45.05099376282068,45.05642022367017,0.005426460849491832,47.123020674172004,47.118520810386094,-0.004499863785909497,True,True
2026-10-04 21:43:25,2026-10-04 21:44:34,57,13145,8620,3904,65.57626473944465,29.699505515405097,35.87675922403956,45.05642022367017,45.05869039179561,0.0022701681254346795,47.118520810386094,47.116593695720645,-0.0019271146654489257,True,True
2026-10-04 21:44:34,2026-10-04 21:45:35,48,12602,8998,3167,71.4013648627202,25.130931598159023,46.27043326456118,45.05869039179561,45.061484071713124,0.002793679917516556,47.116593695720645,47.11426208346377,-0.0023316122568743936,True,True
2026-10-04 21:45:35,2026-10-04 21:47:34,103,22402,16132,5303,72.01142755111151,23.6719935720025,48.33943397910901,45.061484071713124,45.066563795411504,0.005079723698379723,47.11426208346377,47.10984351215981,-0.004418571303958174,True,True
2026-10-04 21:47:34,2026-10-04 21:49:14,137,31963,21080,9399,65.95125613991178,29.405875543597283,36.545380596314494,45.066563795411504,45.07217885378378,0.00561505837227827,47.10984351215981,47.1050836233415,-0.004759888818313129,True,True
2026-10-04 21:49:14,2026-10-04 21:51:26,157,34108,23049,9574,67.57652163715258,28.069661076580275,39.506860560572306,45.07217885378378,45.078633562742155,0.006454708958372635,47.1050836233415,47.09962387214495,-0.005459751196546847,True,True
2026-10-04 21:51:26,2026-10-04 21:51:55,39,9481,6850,2307,72.24976268326125,24.332876278873538,47.91688640438771,45.078633562742155,45.08079967662186,0.002166113879702891,47.09962387214495,47.09780888066121,-0.0018149914837408687,True,True
2026-10-04 21:51:55,2026-10-04 21:52:25,8,1986,1456,409,73.31319234642497,20.594159113796575,52.71903323262839,45.08079967662186,45.081271130410244,0.0004714537883856451,47.09780888066121,47.097366295215664,-0.00044258544554764967,True,True
2026-10-04 21:52:25,2026-10-04 21:56:05,147,35325,23484,10508,66.47983014861995,29.746638358103326,36.73319179051663,45.081271130410244,45.08762517007828,0.006354039668039491,47.097366295215664,47.092214209344455,-0.005152085871209522,True,True
2026-10-04 21:56:05,2026-10-04 21:56:35,37,8381,5813,2170,69.35926500417611,25.891898341486694,43.467366662689415,45.08762517007828,45.0893349790328,0.001709808954515779,47.092214209344455,47.09072075895721,-0.0014934503872439109,True,True
2026-10-04 21:56:35,2026-10-04 21:57:04,32,8439,6203,1944,73.5039696646522,23.035904728048347,50.46806493660385,45.0893349790328,45.091350349484756,0.00201537045195721,47.09072075895721,47.089014618231054,-0.001706140726156491,True,True
2026-10-04 21:57:04,2026-10-04 21:58:15,65,16134,10262,5089,63.60480971860667,31.542085037808356,32.06272468079831,45.091350349484756,45.09386045839969,0.0025101089149330846,47.089014618231054,47.08690672009265,-0.002107898138405062,True,True
2026-10-04 21:58:15,2026-10-04 21:59:15,52,11943,8655,2894,72.46922883697563,24.231767562588963,48.23746127438667,45.09386045839969,45.09660767407194,0.002747215672251002,47.08690672009265,47.08461312551461,-0.002293594578041791,True,True
2026-10-04 21:59:15,2026-10-04 22:02:25,98,22306,15851,5588,71.06159777638304,25.051555635255088,46.010042141127954,45.09660767407194,45.10147340196069,0.00486572788874895,47.08461312551461,47.08048422494956,-0.004128900565049776,True,True
2026-10-04 22:02:25,2026-10-04 22:03:25,39,9300,6753,2238,72.61290322580645,24.06451612903226,48.54838709677419,45.10147340196069,45.10362271730331,0.002149315342620639,47.08048422494956,47.07868611508503,-0.0017981098645307725,True,True
2026-10-04 22:03:25,2026-10-04 22:08:15,279,64644,42170,19438,65.23420580409628,30.069302642163233,35.16490316193304,45.10362271730331,45.11454850679794,0.01092578949462819,47.07868611508503,47.06945434358306,-0.00923177150196608,True,True
2026-10-04 22:08:15,2026-10-04 22:08:45,11,2522,1830,579,72.5614591593973,22.95796986518636,49.603489294210945,45.11454850679794,45.11512966933045,0.0005811625325122804,47.06945434358306,47.06894380556444,-0.000510538018623663,True,True
2026-10-04 22:08:45,2026-10-04 22:09:45,21,5040,3824,984,75.87301587301587,19.523809523809526,56.34920634920635,45.11512966933045,45.11643111997399,0.00130145064353826,47.06894380556444,47.067778295278714,-0.0011655102857233146,True,True
2026-10-04 22:09:45,2026-10-04 22:15:35,115,26713,19099,6382,71.49702392093737,23.890989405907238,47.60603451503013,45.11643111997399,45.12234606221621,0.005914942242220889,47.067778295278714,47.06258169607129,-0.005196599207422992,True,True
2026-10-04 22:15:35,2026-10-04 22:19:45,60,14835,11238,3054,75.75328614762387,20.58645096056623,55.16683518705764,45.12234606221621,45.12615967940337,0.0038136171871627766,47.06258169607129,47.059285361484726,-0.003296334586565308,True,True
2026-10-04 22:19:45,2026-10-04 22:20:45,22,5416,4445,820,82.07163958641064,15.140324963072379,66.93131462333827,45.12615967940337,45.12783890655528,0.0016792271519108226,47.059285361484726,47.057834597139625,-0.0014507643451011631,True,True
2026-10-04 22:20:45,2026-10-04 22:21:15,11,2994,2057,810,68.70407481629927,27.054108216432866,41.6499665998664,45.12783890655528,45.12843126533881,0.0005923587835283683,47.057834597139625,47.05733199854542,-0.0005025985942026523,True,True
2026-10-04 22:21:15,2026-10-04 22:22:25,30,8299,6003,1959,72.33401614652368,23.605253645017473,48.72876250150621,45.12843126533881,45.130325841876356,0.0018945765375448786,47.05733199854542,47.055698813388794,-0.0016331851566278033,True,True
2026-10-04 22:22:25,2026-10-04 22:23:25,5,1248,911,274,72.99679487179488,21.955128205128204,51.04166666666667,45.130325841876356,45.130617665403946,0.00029182352758994057,47.055698813388794,47.0554359549315,-0.0002628584572974546,True,True
2026-10-04 22:23:25,2026-10-04 22:23:55,11,2444,1892,475,77.41407528641571,19.435351882160393,57.97872340425532,45.130617665403946,45.131279723517835,0.0006620581138889747,47.0554359549315,47.054869531688325,-0.0005664232431712435,True,True
2026-10-04 22:23:55,2026-10-04 22:24:25,4,923,615,233,66.63055254604551,25.24377031419285,41.386782231852656,45.131279723517835,45.13144623223577,0.00016650871793189026,47.054869531688325,47.05470060792065,-0.0001689237676743005,True,True
2026-10-04 22:24:25,2026-10-04 22:26:05,29,6647,5067,1381,76.22987814051451,20.77629005566421,55.45358808485031,45.13144623223577,45.1331806409733,0.0017344087375334993,47.05470060792065,47.05323501939822,-0.001465588522428618,True,True
2026-10-04 22:26:05,2026-10-04 22:28:05,10,2170,1545,530,71.19815668202764,24.42396313364055,46.77419354838709,45.1331806409733,45.133655206775984,0.0004745658026834576,47.05323501939822,47.05282300756443,-0.00041201183379513395,True,True
2026-10-04 22:28:05,2026-10-04 22:30:46,45,10559,7561,2581,71.60715976891751,24.44360261388389,47.16355715503362,45.133655206775984,45.13600038108888,0.0023451743128930502,47.05282300756443,47.050820153625025,-0.0020028539394019163,True,True
2026-10-04 22:30:46,2026-10-04 22:36:06,79,17635,11822,5160,67.0371420470655,29.259994329458465,37.777147717607036,45.13600038108888,45.13924018608519,0.0032398049963120457,47.050820153625025,47.04818838185383,-0.0026317717711989985,True,True
2026-10-04 22:36:06,2026-10-04 22:37:05,10,2342,1806,463,77.1135781383433,19.76942783945346,57.34415029888984,45.13924018608519,45.1398683262617,0.0006281401765093619,47.04818838185383,47.0476524869281,-0.0005358949257256995,True,True
2026-10-04 22:37:05,2026-10-04 22:38:06,2,509,332,160,65.22593320235757,31.43418467583497,33.791748526522596,45.1398683262617,45.13995408510402,8.575884232442377e-05,47.0476524869281,47.04758582414809,-6.666278000722059e-05,True,True
2026-10-04 22:38:06,2026-10-04 22:39:17,9,1985,1719,229,86.59949622166246,11.536523929471032,75.06297229219143,45.13995408510402,45.14064439491827,0.000690309814245893,47.04758582414809,47.04699455774048,-0.0005912664076106466,True,True
2026-10-04 22:39:17,2026-10-04 22:39:46,14,3740,3044,550,81.3903743315508,14.705882352941176,66.68449197860963,45.14064439491827,45.14178155547814,0.0011371605598711199,47.04699455774048,47.04598001122314,-0.0010145465173394541,True,True
2026-10-04 22:39:46,2026-10-04 22:40:46,5,1330,877,407,65.93984962406014,30.601503759398497,35.33834586466165,45.14178155547814,45.1420135700182,0.00023201454006027689,47.04598001122314,47.045796563530715,-0.00018344769242872871,True,True
2026-10-04 22:40:46,2026-10-04 22:41:57,28,6392,5106,1088,79.8811013767209,17.02127659574468,62.859824780976226,45.1420135700182,45.14387596785835,0.001862397840149299,47.045796563530715,47.04418691846892,-0.0016096450617979485,True,True
2026-10-04 22:41:57,2026-10-04 22:42:26,7,1685,1297,325,76.973293768546,19.287833827893174,57.68545994065283,45.14387596785835,45.144325788877445,0.00044982101909596395,47.04418691846892,47.04379465898394,-0.0003922594849754546,True,True
2026-10-04 22:42:26,2026-10-04 22:42:56,3,806,574,199,71.21588089330025,24.68982630272953,46.52605459057072,45.144325788877445,45.144502031191955,0.00017624231450952266,47.04379465898394,47.04364354735651,-0.00015111162743153272,True,True
2026-10-04 22:42:56,2026-10-04 22:44:26,12,2989,1806,1000,60.421545667447305,33.45600535296086,26.965540314486447,45.144502031191955,45.144884999253236,0.00038296806128101935,47.04364354735651,47.04330292965712,-0.00034061769938631414,True,True
2026-10-04 22:44:26,2026-10-04 22:46:06,7,1630,1359,246,83.37423312883436,15.0920245398773,68.28220858895706,45.144884999253236,45.14540760704703,0.0005226077937905416,47.04330292965712,47.04286614514666,-0.00043678451046247346,True,True
2026-10-04 22:46:06,2026-10-04 22:46:37,3,575,429,126,74.6086956521739,21.91304347826087,52.69565217391303,45.14540760704703,45.14554968881322,0.00014208176619234791,47.04286614514666,47.04274496079062,-0.00012118435603980515,True,True
2026-10-04 22:46:37,2026-10-04 22:47:36,19,3995,2253,1596,56.39549436795995,39.94993742177722,16.445556946182727,45.14554968881322,45.14592660250211,0.00037691368888914667,47.04274496079062,47.042507326177265,-0.00023763461335590819,True,True
2026-10-04 22:47:36,2026-10-04 22:52:26,34,8059,6019,1768,74.68668569301403,21.93820573272118,52.74847996029285,45.14592660250211,45.147923005418505,0.001996402916397244,47.042507326177265,47.04081074482803,-0.0016965813492362258,True,True
2026-10-04 22:52:26,2026-10-04 22:55:27,48,10047,7133,2450,70.99631730864935,24.38538867323579,46.61092863541356,45.147923005418505,45.15010060875065,0.0021776033321430077,47.04081074482803,47.038902134102905,-0.0019086107251240492,True,True
2026-10-04 22:55:27,2026-10-04 22:58:07,7,1508,1075,389,71.28647214854111,25.79575596816976,45.49071618037135,45.15010060875065,45.150431092375435,0.0003304836247863818,47.038902134102905,47.03863352329226,-0.00026861081064311065,True,True
2026-10-04 22:58:07,2026-10-04 22:59:47,28,7236,5809,1030,80.27915975677169,14.234383637368712,66.04477611940298,45.150431092375435,45.152562359814375,0.002131267438940654,47.03863352329226,47.03664328247516,-0.0019902408171006414,True,True
2026-10-04 22:59:47,2026-10-04 23:00:17,2,334,232,97,69.46107784431138,29.04191616766467,40.41916167664671,45.152562359814375,45.15263043371669,6.807390231244881e-05,47.03664328247516,47.03659288979295,-5.03926822119638e-05,True,True
2026-10-04 23:00:17,2026-10-04 23:00:46,1,214,170,41,79.4392523364486,19.1588785046729,60.280373831775705,45.15263043371669,45.15269195330709,6.151959040323618e-05,47.03659288979295,47.03654286953796,-5.002025498868079e-05,True,True
2026-10-04 23:00:46,2026-10-04 23:01:17,3,804,710,84,88.30845771144278,10.447761194029852,77.86069651741293,45.15269195330709,45.15298286884116,0.00029091553406601633,47.03654286953796,47.03629622242662,-0.0002466471113393709,True,True
2026-10-04 23:01:17,2026-10-04 23:02:16,6,1335,1066,215,79.8501872659176,16.10486891385768,63.74531835205992,45.15298286884116,45.15337123638203,0.0003883675408715703,47.03629622242662,47.03595000541668,-0.0003462170099410855,True,True
2026-10-04 23:02:16,2026-10-04 23:02:55,3,708,554,127,78.24858757062147,17.937853107344633,60.31073446327683,45.15337123638203,45.153567691378576,0.0001964549965478568,47.03595000541668,47.03577727753759,-0.00017272787908950704,True,True
2026-10-04 23:02:55,2026-10-04 23:08:17,17,3528,2916,473,82.65306122448979,13.40702947845805,69.24603174603175,45.153567691378576,45.15467688082693,0.0011091894483570286,47.03577727753759,47.034782580044215,-0.0009946974933754404,True,True
2026-10-04 23:08:17,2026-10-04 23:12:08,44,9525,7832,1426,82.22572178477691,14.971128608923884,67.25459317585302,45.15467688082693,45.15763705239022,0.0029601715632878722,47.034782580044215,47.03222225521532,-0.0025603248288916802,True,True
2026-10-04 23:12:08,2026-10-04 23:14:37,3,840,778,52,92.61904761904762,6.190476190476191,86.42857142857143,45.15763705239022,45.15797127354828,0.0003342211580559251,47.03222225521532,47.03193464944247,-0.00028760577285424915,True,True
2026-10-04 23:14:37,2026-10-04 23:20:26,4,1169,988,152,84.51668092386656,13.00256629597947,71.5141146278871,45.15797127354828,45.15835698729671,0.0003857137484359896,47.03193464944247,47.031601163021264,-0.00033348642120500926,True,True
2026-10-04 23:20:26,2026-10-04 23:23:27,14,3594,2741,693,76.26599888703394,19.282136894824706,56.98386199220924,45.15835698729671,45.159294207916595,0.0009372206198818844,47.031601163021264,47.03076511861177,-0.0008360444094961395,True,True
2026-10-04 23:23:27,2026-10-04 23:29:47,7,1419,1049,323,73.92529950669486,22.76250880902044,51.16279069767442,45.159294207916595,45.15963638699859,0.0003421790819970738,47.03076511861177,47.03047644141869,-0.0002886771930761256,True,True
2026-10-04 23:29:47,2026-10-04 23:37:27,12,2755,2391,289,86.78765880217786,10.490018148820326,76.29764065335753,45.15963638699859,45.16059775321938,0.0009613662207854645,47.03047644141869,47.02963256846349,-0.0008438729552011637,True,True
2026-10-04 23:37:27,2026-10-04 23:37:56,1,385,373,6,96.88311688311688,1.5584415584415585,95.32467532467533,45.16059775321938,45.160764677868606,0.000166924649228406,47.02963256846349,47.02948581879359,-0.00014674966990213534,True,True
2026-10-04 23:37:56,2026-10-04 23:41:36,4,975,858,101,88.0,10.35897435897436,77.64102564102564,45.160764677868606,45.161114802649585,0.0003501247809793995,47.02948581879359,47.02918611095107,-0.0002997078425153177,True,True
2026-10-04 23:41:36,2026-10-04 23:55:37,7,1887,1329,476,70.42925278219396,25.225225225225227,45.204027556968725,45.161114802649585,45.161514484838065,0.00039968218847974413,47.02918611095107,47.0288412238521,-0.00034488709897573244,True,True
2026-10-04 23:55:37,2026-10-05 00:11:37,1,357,183,165,51.260504201680675,46.21848739495798,5.0420168067226925,45.161514484838065,45.161532736166166,1.8251328100404862e-05,47.0288412238521,47.02883879885479,-2.4249973051837515e-06,True,True
2026-10-05 00:11:37,2026-10-05 00:29:47,1,336,316,11,94.04761904761905,3.2738095238095237,90.77380952380953,45.161532736166166,45.16167042276739,0.00013768660122792653,47.02883879885479,47.02871556376436,-0.00012323509043454806,True,True
2026-10-05 00:29:47,2026-10-05 01:56:51,12,2511,2254,221,89.76503385105535,8.801274392672243,80.96375945838311,45.16167042276739,45.16260922110675,0.0009387983393551735,47.02871556376436,47.02791096394204,-0.0008045998223167317,True,True
2026-10-05 01:56:51,2026-10-05 02:59:31,1,358,351,3,98.04469273743017,0.8379888268156425,97.20670391061452,45.16260922110675,45.1627679106361,0.0001586895293499424,47.02791096394204,47.02777235637371,-0.00013860756833139476,True,True
