uf,n_zonas,spearman_complete_vs_delta_margin_pp,early_margin_2026_pp,late_margin_2026_pp,late_minus_early_2026_pp,early_margin_2022_pp,late_margin_2022_pp,late_minus_early_2022_pp,delta_of_late_gradient_2026_minus_2022_pp
AC,23,-0.003952569169960474,-35.639884475166895,-37.51278282749009,-1.8728983523231975,-30.883648352754637,-36.187294682821225,-5.303646330066588,3.4307479777433905
AL,107,0.10932444436431739,27.860201331368966,9.578747375087497,-18.281453956281467,36.80265513126491,14.252533166705401,-22.550121964559512,4.268668008278045
AM,74,-0.14401658807259834,-14.228440290872895,36.09237421018937,50.320814501062266,-13.040305365987024,43.50792375464066,56.54822912062768,-6.227414619565415
AP,17,0.46343181345198725,10.46997624560243,-5.673479020850081,-16.143455266452513,18.753591954022987,-4.581040562479476,-23.334632516502463,7.19117725004995
BA,446,-0.06558203273475083,34.58955709645145,44.46190098426983,9.872343887818381,41.357888106093704,52.86910669220638,11.511218586112676,-1.6388746982942948
CE,205,-0.15139067913675766,23.06623507083004,40.146187557137395,17.079952486307356,29.410217191801774,50.96012208877978,21.549904896978003,-4.469952410670647
DF,19,-0.6444251825204814,-11.000655382327363,-18.6416766500303,-7.641021267702936,-14.496152856039586,-18.285940517037798,-3.7897876609982113,-3.8512336067047244
ES,85,0.22326031656249448,-16.431930786449033,-12.609200847328859,3.8227299391201743,-10.604395136208321,-8.114606255185599,2.4897888810227222,1.3329410580974521
GO,259,0.22362254775034238,-27.51032556362855,-17.630485726014044,9.879839837614508,-15.518626532071861,-8.344200027714512,7.174426504357349,2.705413333257159
MA,219,0.19967043143766297,31.976312615655175,36.20557301084641,4.229260395191233,41.09917533527082,45.43479427069363,4.335618935422808,-0.1063585402315752
MG,891,0.07947253945399811,-9.23864791763536,3.0367111475775705,12.27535906521293,0.07924003942139135,13.015632433258421,12.93639239383703,-0.6610333286241001
MS,88,0.316191411108916,-24.837369293098526,-21.79199746041104,3.0453718326874863,-14.70309747504404,-11.48288781733564,3.2202096577083985,-0.17483782502091216
MT,146,0.09603398297630113,-40.78120915142212,-29.019655182208083,11.761553969214035,-26.993606509735542,-18.359761728781333,8.63384478095421,3.127709188259825
PA,159,0.046594773482822247,-2.0284374971049894,23.40605920614005,25.43449670324504,1.5837348253293961,30.199687097077064,28.615952271747666,-3.181455568502628
PB,230,0.10881870445211798,49.0334270776316,20.984925216736926,-28.048501860894675,57.85124617953808,26.67380484640059,-31.17744133313749,3.1289394722428163
PE,209,-0.3171224032522995,29.223628469591457,42.82279705277226,13.599168583180802,29.853788002500647,49.20691761477719,19.353129612276543,-5.753961029095741
PI,230,0.02934479582318587,55.90279100599651,43.21172995821925,-12.69106104777726,64.28248733421536,49.68761272450228,-14.59487460971308,1.90381356193582
PR,418,0.020596531258790966,-26.16380098014785,-25.913110318227574,0.25069066192027734,-17.417546244887117,-14.641070941996501,2.7764753028906153,-2.525784640970338
RJ,183,0.2812180256398583,-14.673469482933108,-11.946165158875173,2.7273043240579344,-11.273670021141454,-9.326859951085792,1.9468100700556619,0.7804942540022726
RN,172,0.10366780195366998,40.13500244294652,18.36984889153068,-21.765153551415843,49.63417916656471,24.28242165826816,-25.351757508296547,3.5866039568807047
RO,56,0.2384875843630063,-33.126437944024474,-43.53704276962284,-10.41060482559837,-27.460886643471923,-37.94016580434879,-10.479279160876864,0.06867433527849442
RR,14,0.42857142857142855,-49.51759200415969,-14.753099691822547,34.76449231233714,-41.43345158323479,-18.144698226362127,23.288753356872665,11.475738955464475
RS,522,0.13894894761338905,-28.33371433059249,-16.582304870696376,11.751409459896113,-11.681922746781115,-4.518701141991518,7.163221604789597,4.588187855106516
SC,313,0.17779368022259193,-28.14161206054605,-45.63800297902316,-17.496390918477115,-17.98243421449565,-37.3890635795767,-19.40662936508105,1.910238446603934
SE,77,-0.08062427539452204,27.81995824348251,35.01875005219948,7.198791808716969,28.429808816435095,38.32751257672476,9.897703760289662,-2.6989119515726934
SP,768,0.34477000560074034,-30.984309243919935,-7.438783635555432,23.545525608364503,-21.363796805515808,-0.6330280825736714,20.730768722942138,2.8147568854223657
TO,140,0.1551752799691238,5.642423785251679,-15.134925226143126,-20.777349011394804,21.835040924961366,-3.7027890030969495,-25.537829928058315,4.760480916663511
