from_brt,to_brt,seconds_since_previous,d_valid_votes,d_sections,lula_pct_before,lula_pct_after,lula_change_pp,flavio_pct_before,flavio_pct_after,flavio_change_pp,lula_display_2d_before,lula_display_2d_after,lula_display_change_pp,flavio_display_2d_before,flavio_display_2d_after,flavio_display_change_pp,batch_lula_pct,batch_flavio_pct,batch_lula_ge_previous_cumulative,batch_flavio_le_previous_cumulative
2026-10-04 20:04:39,2026-10-04 20:10:56,377.0,4156336,16476,43.4922,43.7787,0.28650000000000375,48.4662,48.2115,-0.2546999999999997,43.49,43.78,0.29,48.47,48.21,-0.26,50.70699288989148,42.05206220093852,True,True
2026-10-04 20:10:56,2026-10-04 20:11:55,59.0,477726,1903,43.7787,43.8096,0.030900000000002592,48.2115,48.1852,-0.026299999999999102,43.78,43.81,0.03,48.21,48.19,-0.02,50.582132854397706,42.43938994318919,True,True
2026-10-04 20:11:55,2026-10-04 20:12:23,28.0,257646,1066,43.8096,43.8321,0.022499999999993747,48.1852,48.1672,-0.018000000000000682,43.81,43.83,0.02,48.19,48.17,-0.02,52.98393920340312,40.80793026090061,True,True
2026-10-04 20:12:23,2026-10-04 20:13:34,71.0,528839,2176,43.8321,43.8802,0.04810000000000514,48.1672,48.1259,-0.04129999999999967,43.83,43.88,0.05,48.17,48.13,-0.04,53.47733431157687,39.90704165161798,True,True
2026-10-04 20:13:34,2026-10-04 20:14:06,32.0,202244,817,43.8802,43.895,0.014800000000001035,48.1259,48.1118,-0.014099999999999113,43.88,43.9,0.02,48.13,48.11,-0.02,51.615375487035465,40.693914281758666,True,True
2026-10-04 20:14:06,2026-10-04 20:14:34,28.0,160573,645,43.895,43.9098,0.014799999999993929,48.1118,48.0985,-0.013300000000000978,43.9,43.91,0.01,48.11,48.1,-0.01,53.723228687263735,39.296145678289626,True,True
2026-10-04 20:14:34,2026-10-04 20:15:15,41.0,209551,836,43.9098,43.9245,0.01470000000000482,48.0985,48.0861,-0.012399999999999523,43.91,43.92,0.01,48.1,48.09,-0.01,51.37651454777119,41.79412171738622,True,True
2026-10-04 20:15:15,2026-10-04 20:15:44,29.0,128038,512,43.9245,43.9345,0.00999999999999801,48.0861,48.0769,-0.009199999999999875,43.92,43.93,0.01,48.09,48.08,-0.01,52.27041971914588,40.436432933972725,True,True
2026-10-04 20:15:44,2026-10-04 20:16:43,59.0,241416,963,43.9345,43.9523,0.017800000000001148,48.0769,48.0613,-0.01559999999999917,43.93,43.95,0.02,48.08,48.06,-0.02,51.81595254664148,41.17374159127812,True,True
2026-10-04 20:16:43,2026-10-04 20:17:43,60.0,184593,734,43.9523,43.9651,0.01279999999999859,48.0613,48.0511,-0.01020000000000465,43.95,43.97,0.02,48.06,48.05,-0.01,51.36056080133049,42.16682106038691,True,True
2026-10-04 20:17:43,2026-10-04 20:18:13,30.0,74277,292,43.9651,43.9695,0.004399999999996851,48.0511,48.0474,-0.0036999999999949296,43.97,43.97,0.0,48.05,48.05,0.0,50.313017488590006,42.77097890329443,True,True
2026-10-04 20:18:13,2026-10-04 20:18:55,42.0,71372,295,43.9695,43.9748,0.0053000000000054115,48.0474,48.043,-0.004400000000003956,43.97,43.97,0.0,48.05,48.04,-0.01,51.890096956789776,41.31171888135403,True,True
2026-10-04 20:18:55,2026-10-04 20:20:54,119.0,144557,586,43.9748,44.0013,0.026499999999998636,48.043,48.0198,-0.023200000000002774,43.97,44.0,0.03,48.04,48.02,-0.02,54.30314685556562,39.014368034754455,True,True
2026-10-04 20:20:54,2026-10-04 20:22:34,100.0,67450,271,44.0013,44.0165,0.015200000000000102,48.0198,48.0062,-0.013599999999996726,44.0,44.02,0.02,48.02,48.01,-0.01,55.56263899184581,37.56708673091179,True,True
2026-10-04 20:22:34,2026-10-04 20:23:04,30.0,61808,249,44.0165,44.0206,0.004100000000001103,48.0062,48.0027,-0.003500000000002501,44.02,44.02,0.0,48.01,48.0,-0.01,51.01766761584261,41.88454568987833,True,True
2026-10-04 20:23:04,2026-10-04 20:24:03,59.0,142012,559,44.0206,44.0345,0.01389999999999958,48.0027,47.9904,-0.012299999999996203,44.02,44.03,0.01,48.0,47.99,-0.01,54.58482381770555,38.674196546770695,True,True
2026-10-04 20:24:03,2026-10-04 20:25:44,101.0,141276,550,44.0345,44.0493,0.014800000000001035,47.9904,47.9777,-0.012700000000002376,44.03,44.05,0.02,47.99,47.98,-0.01,52.2020725388601,41.15207112319148,True,True
2026-10-04 20:25:44,2026-10-04 20:26:23,39.0,86946,341,44.0493,44.0554,0.006099999999996442,47.9777,47.9724,-0.005299999999998306,44.05,44.06,0.01,47.98,47.97,-0.01,51.68610401858625,41.37970694454029,True,True
2026-10-04 20:26:23,2026-10-04 20:26:54,31.0,62775,246,44.0554,44.0633,0.007899999999999352,47.9724,47.9651,-0.00730000000000075,44.06,44.06,0.0,47.97,47.97,0.0,57.64874551971326,35.44723217841497,True,True
2026-10-04 20:26:54,2026-10-04 20:27:15,21.0,37688,145,44.0633,44.0664,0.0031000000000034333,47.9651,47.9626,-0.0024999999999977263,44.06,44.07,0.01,47.97,47.96,-0.01,53.16546380810868,40.63893016344725,True,True
2026-10-04 20:27:15,2026-10-04 20:27:54,39.0,87975,352,44.0664,44.0741,0.007699999999999818,47.9626,47.9557,-0.0069000000000016826,44.07,44.07,0.0,47.96,47.96,0.0,53.450412048877524,39.53395851094061,True,True
2026-10-04 20:27:54,2026-10-04 20:28:23,29.0,50093,201,44.0741,44.0757,0.001599999999996271,47.9557,47.9543,-0.0013999999999967372,44.07,44.08,0.01,47.96,47.95,-0.01,47.675323897550555,44.844589064340326,True,True
2026-10-04 20:28:23,2026-10-04 20:29:25,62.0,128500,508,44.0757,44.0866,0.010899999999999466,47.9543,47.9446,-0.009700000000002262,44.08,44.09,0.01,47.95,47.94,-0.01,53.228793774319065,39.76731517509727,True,True
2026-10-04 20:29:25,2026-10-04 20:29:54,29.0,39293,151,44.0866,44.0906,0.0040000000000048885,47.9446,47.9409,-0.003700000000002035,44.09,44.09,0.0,47.94,47.94,0.0,55.33046598630799,37.70646171073728,True,True
2026-10-04 20:29:54,2026-10-04 20:30:35,41.0,87494,348,44.0906,44.0976,0.006999999999997897,47.9409,47.9348,-0.006099999999996442,44.09,44.1,0.01,47.94,47.93,-0.01,52.71447184949825,40.32047911856813,True,True
2026-10-04 20:30:35,2026-10-04 20:31:05,30.0,77282,292,44.0976,44.1049,0.00730000000000075,47.9348,47.9279,-0.0069000000000016826,44.1,44.1,0.0,47.93,47.93,0.0,54.434409047384904,38.314225822313084,True,True
2026-10-04 20:31:05,2026-10-04 20:32:34,89.0,125564,498,44.1049,44.1164,0.011499999999998067,47.9279,47.9183,-0.009599999999998943,44.1,44.12,0.02,47.93,47.92,-0.01,51.45742410244975,41.8790417635628,True,True
2026-10-04 20:32:34,2026-10-04 20:33:44,70.0,63692,254,44.1164,44.1275,0.011099999999999,47.9183,47.9087,-0.009599999999998943,44.12,44.13,0.01,47.92,47.91,-0.01,52.675375243358666,40.87012497644916,True,True
2026-10-04 20:33:44,2026-10-04 20:34:15,31.0,63169,247,44.1275,44.1346,0.0071000000000012164,47.9087,47.9023,-0.006400000000006401,44.13,44.13,0.0,47.91,47.9,-0.01,56.32509617059,36.81236049327993,True,True
2026-10-04 20:34:15,2026-10-04 20:35:54,99.0,85295,332,44.1346,44.1493,0.014699999999997715,47.9023,47.8894,-0.012899999999994805,44.13,44.15,0.02,47.9,47.89,-0.01,49.66176211970221,43.74230611407468,True,True
2026-10-04 20:35:54,2026-10-04 20:36:54,60.0,130422,526,44.1493,44.1625,0.013200000000004763,47.8894,47.8779,-0.011500000000005173,44.15,44.16,0.01,47.89,47.88,-0.01,55.30662004876478,38.25734922022358,True,True
2026-10-04 20:36:54,2026-10-04 20:38:04,70.0,79346,317,44.1625,44.174,0.011499999999998067,47.8779,47.868,-0.00989999999999469,44.16,44.17,0.01,47.88,47.87,-0.01,50.75114057419404,42.57177425453079,True,True
2026-10-04 20:38:04,2026-10-04 20:39:34,90.0,124341,496,44.174,44.1876,0.013600000000003831,47.868,47.8563,-0.011700000000004707,44.17,44.19,0.02,47.87,47.86,-0.01,53.086270819761786,40.086536218946286,True,True
2026-10-04 20:39:34,2026-10-04 20:40:15,41.0,89050,346,44.1876,44.1935,0.005899999999996908,47.8563,47.8515,-0.004799999999995919,44.19,44.19,0.0,47.86,47.85,-0.01,51.466591802358224,41.8820887142055,True,True
2026-10-04 20:40:15,2026-10-04 20:41:45,90.0,145709,573,44.1935,44.2073,0.01379999999999626,47.8515,47.8393,-0.012199999999999989,44.19,44.21,0.02,47.85,47.84,-0.01,50.53565668558566,42.5025221503133,True,True
2026-10-04 20:41:45,2026-10-04 20:42:14,29.0,59151,240,44.2073,44.2132,0.005900000000004013,47.8393,47.8342,-0.005099999999998772,44.21,44.21,0.0,47.84,47.83,-0.01,55.11825666514514,38.31718821321702,True,True
2026-10-04 20:42:14,2026-10-04 20:43:24,70.0,41973,175,44.2132,44.2242,0.011000000000002785,47.8342,47.8249,-0.009300000000003195,44.21,44.22,0.01,47.83,47.82,-0.01,54.13956591141925,40.04002573082696,True,True
2026-10-04 20:43:24,2026-10-04 20:44:53,89.0,146532,588,44.2242,44.242,0.017799999999994043,47.8249,47.8091,-0.015799999999998704,44.22,44.24,0.02,47.82,47.81,-0.01,52.250702918133925,40.41779270057052,True,True
2026-10-04 20:44:53,2026-10-04 20:45:34,41.0,88889,349,44.242,44.2472,0.005200000000002092,47.8091,47.8048,-0.004300000000000637,44.24,44.25,0.01,47.81,47.8,-0.01,50.67668665414168,42.44732194084757,True,True
2026-10-04 20:45:34,2026-10-04 20:47:04,90.0,92137,366,44.2472,44.2697,0.022500000000000853,47.8048,47.7849,-0.019899999999999807,44.25,44.27,0.02,47.8,47.78,-0.02,55.75501698557583,37.71014901722435,True,True
2026-10-04 20:47:04,2026-10-04 20:48:15,71.0,103774,412,44.2697,44.2899,0.02020000000000266,47.7849,47.7677,-0.017200000000002547,44.27,44.29,0.02,47.78,47.77,-0.01,53.80345751344267,39.611077919324686,True,True
2026-10-04 20:48:15,2026-10-04 20:48:44,29.0,95888,395,44.2899,44.2982,0.00829999999999842,47.7677,47.761,-0.006699999999995043,44.29,44.3,0.01,47.77,47.76,-0.01,53.99424328383114,39.94034707158352,True,True
2026-10-04 20:48:44,2026-10-04 20:50:25,101.0,433697,1721,44.2982,44.395,0.09680000000000177,47.761,47.678,-0.08300000000000551,44.3,44.4,0.1,47.76,47.68,-0.08,51.85048547718799,41.35790655688188,True,True
2026-10-04 20:50:25,2026-10-04 20:51:35,70.0,624826,2486,44.395,44.4484,0.05339999999999634,47.678,47.6321,-0.045899999999996055,44.4,44.45,0.05,47.68,47.63,-0.05,54.05792972763617,39.379603281553585,True,True
2026-10-04 20:51:35,2026-10-04 20:52:35,60.0,463851,1846,44.4484,44.4827,0.034300000000001774,47.6321,47.6034,-0.028700000000000614,44.45,44.48,0.03,47.63,47.6,-0.03,52.86115584530377,40.60765202618944,True,True
2026-10-04 20:52:35,2026-10-04 20:53:07,32.0,279225,1081,44.4827,44.4978,0.015099999999996783,47.6034,47.5908,-0.012599999999999056,44.48,44.5,0.02,47.6,47.59,-0.01,50.615095353209774,42.442832840898916,True,True
2026-10-04 20:53:07,2026-10-04 20:53:34,27.0,227655,921,44.4978,44.5212,0.023400000000002308,47.5908,47.5707,-0.02009999999999934,44.5,44.52,0.02,47.59,47.57,-0.02,56.21312951615383,37.55726867409018,True,True
2026-10-04 20:53:34,2026-10-04 20:54:17,43.0,341790,1323,44.5212,44.5422,0.021000000000000796,47.5707,47.5539,-0.01680000000000348,44.52,44.54,0.02,47.57,47.55,-0.02,51.56470347289271,41.91901459960795,True,True
2026-10-04 20:54:17,2026-10-04 20:55:27,70.0,352853,1394,44.5422,44.5896,0.04739999999999611,47.5539,47.5142,-0.039699999999996294,44.54,44.59,0.05,47.55,47.51,-0.04,54.63209891938003,39.21349683862685,True,True
2026-10-04 20:55:27,2026-10-04 20:55:56,29.0,199038,790,44.5896,44.6086,0.019000000000005457,47.5142,47.4979,-0.01630000000000109,44.59,44.61,0.02,47.51,47.5,-0.01,55.58436077532934,38.08267767963906,True,True
2026-10-04 20:55:56,2026-10-04 20:56:30,34.0,227278,878,44.6086,44.6296,0.021000000000000796,47.4979,47.4803,-0.017600000000001614,44.61,44.63,0.02,47.5,47.48,-0.02,55.269317751828154,38.57170513644083,True,True
2026-10-04 20:56:30,2026-10-04 20:56:55,25.0,293934,1148,44.6296,44.6607,0.03109999999999502,47.4803,47.4533,-0.027000000000001023,44.63,44.66,0.03,47.48,47.45,-0.03,56.84847618853212,36.87698599005219,True,True
2026-10-04 20:56:55,2026-10-04 20:57:34,39.0,292284,1171,44.6607,44.6899,0.029200000000003,47.4533,47.4292,-0.024099999999997124,44.66,44.69,0.03,47.45,47.43,-0.02,56.24495353833942,37.876517359828114,True,True
2026-10-04 20:57:34,2026-10-04 20:59:36,122.0,151853,618,44.6899,44.783,0.09309999999999974,47.4292,47.3507,-0.07849999999999824,44.69,44.78,0.09,47.43,47.35,-0.08,61.817020407894475,32.777752168215315,True,True
2026-10-04 20:59:36,2026-10-04 21:00:07,31.0,289702,1139,44.783,44.8095,0.026499999999998636,47.3507,47.3281,-0.022600000000004172,44.78,44.81,0.03,47.35,47.33,-0.02,55.49288579298727,38.200633754685846,True,True
2026-10-04 21:00:07,2026-10-04 21:01:17,70.0,347979,1397,44.8095,44.8505,0.04099999999999682,47.3281,47.2933,-0.034799999999997056,44.81,44.85,0.04,47.33,47.29,-0.04,58.64692984346757,35.571974170855135,True,True
2026-10-04 21:01:17,2026-10-04 21:01:46,29.0,114268,467,44.8505,44.8671,0.016600000000003945,47.2933,47.279,-0.014299999999998647,44.85,44.87,0.02,47.29,47.28,-0.01,61.9254734483845,32.63993418979942,True,True
2026-10-04 21:01:46,2026-10-04 21:03:44,118.0,7254,30,44.8671,44.8819,0.014800000000001035,47.279,47.2664,-0.012600000000006162,44.87,44.88,0.01,47.28,47.27,-0.01,64.1439205955335,31.92721257237386,True,True
2026-10-04 21:03:44,2026-10-04 21:04:25,41.0,29150,122,44.8819,44.8875,0.00560000000000116,47.2664,47.2618,-0.004599999999996385,44.88,44.89,0.01,47.27,47.26,-0.01,67.50600343053173,28.747855917667238,True,True
2026-10-04 21:04:25,2026-10-04 21:04:55,30.0,24557,100,44.8875,44.8912,0.0036999999999949296,47.2618,47.2586,-0.0031999999999996476,44.89,44.89,0.0,47.26,47.26,0.0,62.837480148226575,31.990878364621086,True,True
2026-10-04 21:04:55,2026-10-04 21:06:35,100.0,28149,121,44.8912,44.9053,0.014099999999999113,47.2586,47.2462,-0.012399999999999523,44.89,44.91,0.02,47.26,47.25,-0.01,66.34693950051512,28.551635937333476,True,True
2026-10-04 21:06:35,2026-10-04 21:07:35,60.0,36071,153,44.9053,44.9079,0.002600000000001046,47.2462,47.2442,-0.0020000000000024443,44.91,44.91,0.0,47.25,47.24,-0.01,53.203404396883926,40.697513237781045,True,True
2026-10-04 21:07:35,2026-10-04 21:08:04,29.0,25080,97,44.9079,44.9112,0.0033000000000029672,47.2442,47.2415,-0.00269999999999726,44.91,44.91,0.0,47.24,47.24,0.0,60.390749601275914,34.21451355661882,True,True
2026-10-04 21:08:04,2026-10-04 21:09:36,92.0,49493,212,44.9112,44.9202,0.009000000000000341,47.2415,47.234,-0.007500000000000284,44.91,44.92,0.01,47.24,47.23,-0.01,57.947588547875455,36.77893843573839,True,True
2026-10-04 21:09:36,2026-10-04 21:10:14,38.0,32537,136,44.9202,44.9258,0.00560000000000116,47.234,47.2293,-0.004699999999999704,44.92,44.93,0.01,47.23,47.23,0.0,64.9322309985555,30.399237790822756,True,True
2026-10-04 21:10:14,2026-10-04 21:10:44,30.0,24372,88,44.9258,44.9292,0.0033999999999991815,47.2293,47.2264,-0.0029000000000038995,44.93,44.93,0.0,47.23,47.23,0.0,61.46807812243558,33.15690136221894,True,True
2026-10-04 21:10:44,2026-10-04 21:11:14,30.0,11480,44,44.9292,44.9308,0.001599999999996271,47.2264,47.225,-0.0013999999999967372,44.93,44.93,0.0,47.23,47.23,0.0,62.09059233449477,32.51742160278746,True,True
2026-10-04 21:11:14,2026-10-04 21:11:45,31.0,14058,58,44.9308,44.9333,0.0025000000000048317,47.225,47.2228,-0.002200000000001978,44.93,44.93,0.0,47.23,47.22,-0.01,65.94821453976384,29.228908806373596,True,True
2026-10-04 21:11:45,2026-10-04 21:12:55,70.0,45508,194,44.9333,44.9382,0.004899999999999238,47.2228,47.2187,-0.004100000000001103,44.93,44.94,0.01,47.22,47.22,0.0,57.44923969411972,36.48809000615277,True,True
2026-10-04 21:12:55,2026-10-04 21:13:25,30.0,14464,58,44.9382,44.9401,0.0018999999999991246,47.2187,47.2171,-0.001599999999996271,44.94,44.94,0.0,47.22,47.22,0.0,60.3774889380531,33.73893805309734,True,True
2026-10-04 21:13:25,2026-10-04 21:15:04,99.0,30916,131,44.9401,44.9524,0.012299999999996203,47.2171,47.2063,-0.010800000000003251,44.94,44.95,0.01,47.22,47.21,-0.01,65.0051753137534,30.084745762711865,True,True
2026-10-04 21:15:04,2026-10-04 21:16:34,90.0,33145,136,44.9524,44.9605,0.008100000000005991,47.2063,47.1995,-0.006799999999998363,44.95,44.96,0.01,47.21,47.2,-0.01,60.94735254186152,33.30819128073616,True,True
2026-10-04 21:16:34,2026-10-04 21:17:06,32.0,19882,83,44.9605,44.9648,0.004299999999993531,47.1995,47.1956,-0.003900000000001569,44.96,44.96,0.0,47.2,47.2,0.0,70.74740971733226,24.308419676088924,True,True
2026-10-04 21:17:06,2026-10-04 21:18:44,98.0,18876,78,44.9648,44.9733,0.008500000000005059,47.1956,47.1881,-0.007500000000000284,44.96,44.97,0.01,47.2,47.19,-0.01,63.52511125238398,30.77452850180123,True,True
2026-10-04 21:18:44,2026-10-04 21:19:46,62.0,26190,108,44.9733,44.9768,0.0034999999999953957,47.1881,47.1853,-0.00280000000000058,44.97,44.98,0.01,47.19,47.19,0.0,60.74455899198167,34.47117220313097,True,True
2026-10-04 21:19:46,2026-10-04 21:20:15,29.0,7041,31,44.9768,44.9783,0.0015000000000000568,47.1853,47.184,-0.001300000000000523,44.98,44.98,0.0,47.19,47.18,-0.01,70.20309615111489,25.26629740093737,True,True
2026-10-04 21:20:15,2026-10-04 21:24:55,280.0,13188,56,44.9783,44.9965,0.018200000000000216,47.184,47.1685,-0.01549999999999585,44.98,45.0,0.02,47.18,47.17,-0.01,56.847133757961785,37.958750379132546,True,True
2026-10-04 21:24:55,2026-10-04 21:28:06,191.0,13372,57,44.9965,45.0072,0.010699999999999932,47.1685,47.1595,-0.009000000000000341,45.0,45.01,0.01,47.17,47.16,-0.01,56.730481603350285,37.14478013760096,True,True
2026-10-04 21:28:06,2026-10-04 21:28:45,39.0,12463,53,45.0072,45.0098,0.002600000000001046,47.1595,47.1573,-0.002200000000001978,45.01,45.01,0.0,47.16,47.16,0.0,68.82773008103987,26.4783759929391,True,True
2026-10-04 21:28:45,2026-10-04 21:29:14,29.0,7113,26,45.0098,45.0105,0.0007000000000019213,47.1573,47.1567,-0.0005999999999986017,45.01,45.01,0.0,47.16,47.16,0.0,57.2613524532546,37.4103753690426,True,True
2026-10-04 21:29:14,2026-10-04 21:30:14,60.0,17045,66,45.0105,45.0132,0.00269999999999726,47.1567,47.1545,-0.002200000000001978,45.01,45.01,0.0,47.16,47.15,-0.01,63.58462892343796,31.575242006453504,True,True
2026-10-04 21:30:14,2026-10-04 21:32:24,130.0,2621,11,45.0132,45.0194,0.006199999999999761,47.1545,47.1492,-0.005299999999998306,45.01,45.02,0.01,47.15,47.15,0.0,64.82258679893171,29.41625333842045,True,True
2026-10-04 21:32:24,2026-10-04 21:32:55,31.0,8695,36,45.0194,45.021,0.0016000000000033765,47.1492,47.1479,-0.001300000000000523,45.02,45.02,0.0,47.15,47.15,0.0,66.61299597469811,29.4767107533065,True,True
2026-10-04 21:32:55,2026-10-04 21:36:05,190.0,19143,73,45.021,45.0329,0.011899999999997135,47.1479,47.138,-0.009900000000001796,45.02,45.03,0.01,47.15,47.14,-0.01,55.86898605234289,38.645980253878705,True,True
2026-10-04 21:36:05,2026-10-04 21:36:34,29.0,13285,51,45.0329,45.0342,0.001300000000000523,47.138,47.137,-0.0009999999999976694,45.03,45.03,0.0,47.14,47.14,0.0,57.07941287165977,38.456906285284155,True,True
2026-10-04 21:36:34,2026-10-04 21:37:44,70.0,4022,17,45.0342,45.0373,0.0031000000000034333,47.137,47.1346,-0.002400000000001512,45.03,45.04,0.01,47.14,47.13,-0.01,66.50919940328195,29.26404773744406,True,True
2026-10-04 21:37:44,2026-10-04 21:40:55,191.0,32616,131,45.0373,45.051,0.013700000000000045,47.1346,47.123,-0.011600000000001387,45.04,45.05,0.01,47.13,47.12,-0.01,71.12460142261467,25.0766494971793,True,True
2026-10-04 21:40:55,2026-10-04 21:43:25,150.0,5091,21,45.051,45.0564,0.00539999999999452,47.123,47.1185,-0.0045000000000001705,45.05,45.06,0.01,47.12,47.12,0.0,79.35572579061088,17.3836181496759,True,True
2026-10-04 21:43:25,2026-10-04 21:44:34,69.0,13145,57,45.0564,45.0587,0.002300000000005298,47.1185,47.1166,-0.0018999999999991246,45.06,45.06,0.0,47.12,47.12,0.0,65.57626473944465,29.699505515405097,True,True
2026-10-04 21:44:34,2026-10-04 21:45:35,61.0,4994,17,45.0587,45.0615,0.00280000000000058,47.1166,47.1143,-0.0022999999999981924,45.06,45.06,0.0,47.12,47.11,-0.01,69.44333199839808,27.593111734080896,True,True
2026-10-04 21:45:35,2026-10-04 21:47:34,119.0,1671,8,45.0615,45.0666,0.005099999999998772,47.1143,47.1098,-0.0045000000000001705,45.06,45.07,0.01,47.11,47.11,0.0,75.344105326152,19.988031119090365,True,True
2026-10-04 21:47:34,2026-10-04 21:49:14,100.0,26716,114,45.0666,45.0722,0.00560000000000116,47.1098,47.1051,-0.004699999999999704,45.07,45.07,0.0,47.11,47.11,0.0,65.20437191196287,30.10929779907172,True,True
2026-10-04 21:49:14,2026-10-04 21:51:26,132.0,19876,94,45.0722,45.0786,0.006399999999999295,47.1051,47.0996,-0.00549999999999784,45.07,45.08,0.01,47.11,47.1,-0.01,65.22942241899779,30.202253974642787,True,True
2026-10-04 21:51:26,2026-10-04 21:51:55,29.0,9481,39,45.0786,45.0808,0.002200000000001978,47.0996,47.0978,-0.0018000000000029104,45.08,45.08,0.0,47.1,47.1,0.0,72.24976268326125,24.332876278873538,True,True
2026-10-04 21:51:55,2026-10-04 21:52:25,30.0,1986,8,45.0808,45.0813,0.000499999999995282,47.0978,47.0974,-0.00039999999999906777,45.08,45.08,0.0,47.1,47.1,0.0,73.31319234642497,20.594159113796575,True,True
2026-10-04 21:52:25,2026-10-04 21:56:05,220.0,10892,47,45.0813,45.0876,0.006300000000003081,47.0974,47.0922,-0.005200000000002092,45.08,45.09,0.01,47.1,47.09,-0.01,69.45464561145795,27.368710980536175,True,True
2026-10-04 21:56:05,2026-10-04 21:56:35,30.0,8381,37,45.0876,45.0893,0.0016999999999995907,47.0922,47.0907,-0.0015000000000000568,45.09,45.09,0.0,47.09,47.09,0.0,69.35926500417611,25.891898341486694,True,True
2026-10-04 21:56:35,2026-10-04 21:57:04,29.0,8439,32,45.0893,45.0914,0.0020999999999986585,47.0907,47.089,-0.0016999999999995907,45.09,45.09,0.0,47.09,47.09,0.0,73.5039696646522,23.035904728048347,True,True
2026-10-04 21:57:04,2026-10-04 21:58:15,71.0,8150,33,45.0914,45.0939,0.0024999999999977263,47.089,47.0869,-0.0020999999999986585,45.09,45.09,0.0,47.09,47.09,0.0,61.533742331288344,32.83435582822086,True,True
2026-10-04 21:58:15,2026-10-04 21:59:15,60.0,11943,52,45.0939,45.0966,0.0027000000000043656,47.0869,47.0846,-0.0022999999999981924,45.09,45.1,0.01,47.09,47.08,-0.01,72.46922883697563,24.231767562588963,True,True
2026-10-04 21:59:15,2026-10-04 22:02:25,190.0,2412,10,45.0966,45.1015,0.004899999999999238,47.0846,47.0805,-0.004100000000001103,45.1,45.1,0.0,47.08,47.08,0.0,61.111111111111114,33.37479270315091,True,True
2026-10-04 22:02:25,2026-10-04 22:03:25,60.0,9300,39,45.1015,45.1036,0.0020999999999986585,47.0805,47.0787,-0.0018000000000029104,45.1,45.1,0.0,47.08,47.08,0.0,72.61290322580645,24.06451612903226,True,True
2026-10-04 22:03:25,2026-10-04 22:08:15,290.0,3995,16,45.1036,45.1145,0.010899999999999466,47.0787,47.0695,-0.009199999999999875,45.1,45.11,0.01,47.08,47.07,-0.01,58.3729662077597,35.46933667083855,True,True
2026-10-04 22:08:15,2026-10-04 22:08:45,30.0,2522,11,45.1145,45.1151,0.0005999999999986017,47.0695,47.0689,-0.0005999999999986017,45.11,45.12,0.01,47.07,47.07,0.0,72.5614591593973,22.95796986518636,True,True
2026-10-04 22:08:45,2026-10-04 22:09:45,60.0,1528,6,45.1151,45.1164,0.001300000000000523,47.0689,47.0678,-0.001100000000000989,45.12,45.12,0.0,47.07,47.07,0.0,75.26178010471205,19.240837696335078,True,True
2026-10-04 22:09:45,2026-10-04 22:15:35,350.0,5351,23,45.1164,45.1223,0.005900000000004013,47.0678,47.0626,-0.005199999999994986,45.12,45.12,0.0,47.07,47.06,-0.01,75.51859465520464,20.444776677256588,True,True
2026-10-04 22:15:35,2026-10-04 22:19:45,250.0,1176,5,45.1223,45.1262,0.0038999999999944635,47.0626,47.0593,-0.0033000000000029672,45.12,45.13,0.01,47.06,47.06,0.0,72.78911564625851,22.27891156462585,True,True
2026-10-04 22:19:45,2026-10-04 22:20:45,60.0,5416,22,45.1262,45.1278,0.0016000000000033765,47.0593,47.0578,-0.0015000000000000568,45.13,45.13,0.0,47.06,47.06,0.0,82.07163958641064,15.140324963072379,True,True
2026-10-04 22:20:45,2026-10-04 22:21:15,30.0,2994,11,45.1278,45.1284,0.0005999999999986017,47.0578,47.0573,-0.0005000000000023874,45.13,45.13,0.0,47.06,47.06,0.0,68.70407481629927,27.054108216432866,True,True
2026-10-04 22:21:15,2026-10-04 22:22:25,70.0,8299,30,45.1284,45.1303,0.0018999999999991246,47.0573,47.0557,-0.001599999999996271,45.13,45.13,0.0,47.06,47.06,0.0,72.33401614652368,23.605253645017473,True,True
2026-10-04 22:22:25,2026-10-04 22:23:25,60.0,1248,5,45.1303,45.1306,0.00030000000000285354,47.0557,47.0554,-0.00030000000000285354,45.13,45.13,0.0,47.06,47.06,0.0,72.99679487179488,21.955128205128204,True,True
2026-10-04 22:23:25,2026-10-04 22:23:55,30.0,2444,11,45.1306,45.1313,0.0007000000000019213,47.0554,47.0549,-0.000499999999995282,45.13,45.13,0.0,47.06,47.05,-0.01,77.41407528641571,19.435351882160393,True,True
2026-10-04 22:23:55,2026-10-04 22:24:25,30.0,923,4,45.1313,45.1314,9.999999999621423e-05,47.0549,47.0547,-0.0002000000000066393,45.13,45.13,0.0,47.05,47.05,0.0,66.63055254604551,25.24377031419285,True,True
2026-10-04 22:24:25,2026-10-04 22:26:05,100.0,2613,11,45.1314,45.1332,0.0018000000000029104,47.0547,47.0532,-0.0015000000000000568,45.13,45.13,0.0,47.05,47.05,0.0,72.78989667049369,23.34481438959051,True,True
2026-10-04 22:26:05,2026-10-04 22:28:05,120.0,1595,7,45.1332,45.1337,0.000499999999995282,47.0532,47.0528,-0.00039999999999906777,45.13,45.13,0.0,47.05,47.05,0.0,73.22884012539186,22.884012539184955,True,True
2026-10-04 22:28:05,2026-10-04 22:30:46,161.0,278,1,45.1337,45.136,0.002300000000005298,47.0528,47.0508,-0.001999999999995339,45.13,45.14,0.01,47.05,47.05,0.0,42.0863309352518,52.51798561151079,False,False
2026-10-04 22:30:46,2026-10-04 22:36:06,320.0,1229,5,45.136,45.1392,0.0031999999999996476,47.0508,47.0482,-0.002600000000001046,45.14,45.14,0.0,47.05,47.05,0.0,80.96013018714402,16.842961757526446,True,True
2026-10-04 22:36:06,2026-10-04 22:37:05,59.0,2342,10,45.1392,45.1399,0.0006999999999948159,47.0482,47.0477,-0.0005000000000023874,45.14,45.14,0.0,47.05,47.05,0.0,77.1135781383433,19.76942783945346,True,True
2026-10-04 22:37:05,2026-10-04 22:38:06,61.0,509,2,45.1399,45.14,0.00010000000000331966,47.0477,47.0476,-9.999999999621423e-05,45.14,45.14,0.0,47.05,47.05,0.0,65.22593320235757,31.43418467583497,True,True
2026-10-04 22:38:06,2026-10-04 22:39:17,71.0,1985,9,45.14,45.1406,0.0005999999999986017,47.0476,47.047,-0.0006000000000057071,45.14,45.14,0.0,47.05,47.05,0.0,86.59949622166246,11.536523929471032,True,True
2026-10-04 22:39:17,2026-10-04 22:39:46,29.0,3740,14,45.1406,45.1418,0.0012000000000043087,47.047,47.046,-0.0009999999999976694,45.14,45.14,0.0,47.05,47.05,0.0,81.3903743315508,14.705882352941176,True,True
2026-10-04 22:39:46,2026-10-04 22:40:46,60.0,1330,5,45.1418,45.142,0.00019999999999953388,47.046,47.0458,-0.00019999999999953388,45.14,45.14,0.0,47.05,47.05,0.0,65.93984962406014,30.601503759398497,True,True
2026-10-04 22:40:46,2026-10-04 22:41:57,71.0,951,4,45.142,45.1439,0.0018999999999991246,47.0458,47.0442,-0.0016000000000033765,45.14,45.14,0.0,47.05,47.04,-0.01,74.23764458464774,22.71293375394322,True,True
2026-10-04 22:41:57,2026-10-04 22:42:26,29.0,1685,7,45.1439,45.1443,0.00039999999999906777,47.0442,47.0438,-0.00039999999999906777,45.14,45.14,0.0,47.04,47.04,0.0,76.973293768546,19.287833827893174,True,True
2026-10-04 22:42:26,2026-10-04 22:42:56,30.0,806,3,45.1443,45.1445,0.00019999999999953388,47.0438,47.0436,-0.00019999999999953388,45.14,45.14,0.0,47.04,47.04,0.0,71.21588089330025,24.68982630272953,True,True
2026-10-04 22:42:56,2026-10-04 22:44:26,90.0,2013,8,45.1445,45.1449,0.00039999999999906777,47.0436,47.0433,-0.0002999999999957481,45.14,45.14,0.0,47.04,47.04,0.0,57.476403378042725,36.661698956780924,True,True
2026-10-04 22:44:26,2026-10-04 22:46:06,100.0,1630,7,45.1449,45.1454,0.0005000000000023874,47.0433,47.0429,-0.00039999999999906777,45.14,45.15,0.01,47.04,47.04,0.0,83.37423312883436,15.0920245398773,True,True
2026-10-04 22:46:06,2026-10-04 22:46:37,31.0,575,3,45.1454,45.1455,9.999999999621423e-05,47.0429,47.0427,-0.00019999999999953388,45.15,45.15,0.0,47.04,47.04,0.0,74.6086956521739,21.91304347826087,True,True
2026-10-04 22:46:37,2026-10-04 22:47:36,59.0,3995,19,45.1455,45.1459,0.00039999999999906777,47.0427,47.0425,-0.0002000000000066393,45.15,45.15,0.0,47.04,47.04,0.0,56.39549436795995,39.94993742177722,True,True
2026-10-04 22:47:36,2026-10-04 22:52:26,290.0,426,2,45.1459,45.1479,0.0020000000000024443,47.0425,47.0408,-0.0016999999999995907,45.15,45.15,0.0,47.04,47.04,0.0,70.89201877934272,26.056338028169016,True,True
2026-10-04 22:52:26,2026-10-04 22:55:27,181.0,6559,34,45.1479,45.1501,0.002200000000001978,47.0408,47.0389,-0.0018999999999991246,45.15,45.15,0.0,47.04,47.04,0.0,68.94343649946639,25.8423540173807,True,True
2026-10-04 22:55:27,2026-10-04 22:58:07,160.0,311,1,45.1501,45.1504,0.0002999999999957481,47.0389,47.0386,-0.0002999999999957481,45.15,45.15,0.0,47.04,47.04,0.0,77.81350482315112,19.614147909967844,True,True
2026-10-04 22:58:07,2026-10-04 22:59:47,100.0,7236,28,45.1504,45.1526,0.002200000000001978,47.0386,47.0366,-0.0020000000000024443,45.15,45.15,0.0,47.04,47.04,0.0,80.27915975677169,14.234383637368712,True,True
2026-10-04 22:59:47,2026-10-04 23:00:17,30.0,334,2,45.1526,45.1526,0.0,47.0366,47.0366,0.0,45.15,45.15,0.0,47.04,47.04,0.0,69.46107784431138,29.04191616766467,True,True
2026-10-04 23:00:17,2026-10-04 23:00:46,29.0,214,1,45.1526,45.1527,0.00010000000000331966,47.0366,47.0365,-0.00010000000000331966,45.15,45.15,0.0,47.04,47.04,0.0,79.4392523364486,19.1588785046729,True,True
2026-10-04 23:00:46,2026-10-04 23:01:17,31.0,804,3,45.1527,45.153,0.0002999999999957481,47.0365,47.0363,-0.00019999999999953388,45.15,45.15,0.0,47.04,47.04,0.0,88.30845771144278,10.447761194029852,True,True
2026-10-04 23:01:17,2026-10-04 23:02:16,59.0,1335,6,45.153,45.1534,0.00039999999999906777,47.0363,47.036,-0.0002999999999957481,45.15,45.15,0.0,47.04,47.04,0.0,79.8501872659176,16.10486891385768,True,True
2026-10-04 23:02:16,2026-10-04 23:02:55,39.0,708,3,45.1534,45.1536,0.00019999999999953388,47.036,47.0358,-0.00019999999999953388,45.15,45.15,0.0,47.04,47.04,0.0,78.24858757062147,17.937853107344633,True,True
2026-10-04 23:02:55,2026-10-04 23:08:17,322.0,278,1,45.1536,45.1547,0.001100000000000989,47.0358,47.0348,-0.0010000000000047748,45.15,45.15,0.0,47.04,47.03,-0.01,85.61151079136691,12.589928057553957,True,True
2026-10-04 23:08:17,2026-10-04 23:12:08,231.0,1202,6,45.1547,45.1576,0.0029000000000038995,47.0348,47.0322,-0.0025999999999939405,45.15,45.16,0.01,47.03,47.03,0.0,77.12146422628952,19.384359400998335,True,True
2026-10-04 23:12:08,2026-10-04 23:14:37,149.0,435,2,45.1576,45.158,0.00039999999999906777,47.0322,47.0319,-0.00030000000000285354,45.16,45.16,0.0,47.03,47.03,0.0,89.19540229885058,8.505747126436782,True,True
2026-10-04 23:14:37,2026-10-04 23:20:26,349.0,605,2,45.158,45.1584,0.00039999999999906777,47.0319,47.0316,-0.00030000000000285354,45.16,45.16,0.0,47.03,47.03,0.0,88.59504132231405,9.090909090909092,True,True
2026-10-04 23:20:26,2026-10-04 23:23:27,181.0,324,1,45.1584,45.1593,0.0009000000000014552,47.0316,47.0308,-0.0007999999999981355,45.16,45.16,0.0,47.03,47.03,0.0,79.32098765432099,19.444444444444443,True,True
2026-10-04 23:23:27,2026-10-04 23:29:47,380.0,981,5,45.1593,45.1596,0.0002999999999957481,47.0308,47.0305,-0.0002999999999957481,45.16,45.16,0.0,47.03,47.03,0.0,77.37003058103976,20.18348623853211,True,True
2026-10-04 23:29:47,2026-10-04 23:37:27,460.0,361,1,45.1596,45.1606,0.0010000000000047748,47.0305,47.0296,-0.0009000000000014552,45.16,45.16,0.0,47.03,47.03,0.0,96.39889196675901,1.6620498614958448,True,True
2026-10-04 23:37:27,2026-10-04 23:37:56,29.0,385,1,45.1606,45.1608,0.00019999999999953388,47.0296,47.0295,-0.00010000000000331966,45.16,45.16,0.0,47.03,47.03,0.0,96.88311688311688,1.5584415584415585,True,True
2026-10-04 23:37:56,2026-10-04 23:41:36,220.0,276,2,45.1608,45.1611,0.0002999999999957481,47.0295,47.0292,-0.0002999999999957481,45.16,45.16,0.0,47.03,47.03,0.0,66.66666666666667,30.797101449275363,True,True
2026-10-04 23:41:36,2026-10-04 23:55:37,841.0,287,1,45.1611,45.1615,0.00039999999999906777,47.0292,47.0288,-0.0004000000000061732,45.16,45.16,0.0,47.03,47.03,0.0,74.91289198606272,18.81533101045296,True,True
2026-10-04 23:55:37,2026-10-05 00:11:37,960.0,357,1,45.1615,45.1615,0.0,47.0288,47.0288,0.0,45.16,45.16,0.0,47.03,47.03,0.0,51.260504201680675,46.21848739495798,True,True
2026-10-05 00:11:37,2026-10-05 00:29:47,1090.0,336,1,45.1615,45.1617,0.0002000000000066393,47.0288,47.0287,-9.999999999621423e-05,45.16,45.16,0.0,47.03,47.03,0.0,94.04761904761905,3.2738095238095237,True,True
2026-10-05 00:29:47,2026-10-05 01:56:51,5224.0,892,6,45.1617,45.1626,0.0008999999999943498,47.0287,47.0279,-0.0007999999999981355,45.16,45.16,0.0,47.03,47.03,0.0,89.91031390134529,8.74439461883408,True,True
2026-10-05 01:56:51,2026-10-05 02:59:31,3760.0,358,1,45.1626,45.1628,0.00019999999999953388,47.0279,47.0278,-0.00010000000000331966,45.16,45.16,0.0,47.03,47.03,0.0,98.04469273743017,0.8379888268156425,True,True
