target,reference_id,start_brt,end_brt,n_batches,d_sections,d_valid_votes,minor_rms_pp,minor_max_abs_pp,top2_rms_pp,top2_to_minor_rms_ratio,flavio_change_pp,lula_change_pp,cury_change_pp,renan_change_pp,caiado_change_pp,others_change_pp
catchup_1,1,2026-10-04 17:22:28,2026-10-04 18:13:47,30,75903,17532004,0.14758102432182454,0.20843213226057417,1.6341985186137002,11.073229272687952,1.8440972429048301,-1.3930236735925305,-0.10968299477774224,-0.1732672077540487,0.04030876548007267,-0.20843213226057417
catchup_1,2,2026-10-04 17:25:19,2026-10-04 18:13:47,29,75421,17418245,0.1499315670933945,0.20474013929693197,1.6487827848222854,10.996902232037868,1.8653372436826672,-1.3991019656847783,-0.11429683494235476,-0.18337605703801918,0.03617775327941697,-0.20474013929693197
catchup_1,3,2026-10-04 17:25:58,2026-10-04 18:13:47,28,74950,17311201,0.14595305369705946,0.1995191433005492,1.6826365265153493,11.528614742161093,1.894557333646432,-1.439855503255032,-0.11360744183748661,-0.17678965353993492,0.03521440828657596,-0.1995191433005492
catchup_1,4,2026-10-04 17:26:29,2026-10-04 18:13:47,27,74606,17231558,0.14733353822662437,0.19717264399922768,1.6878021298276735,11.45565463330924,1.9057349245299307,-1.4371939522307215,-0.12136081002384991,-0.17981802444706751,0.029810506170935724,-0.19717264399922768
catchup_1,5,2026-10-04 17:27:41,2026-10-04 18:13:47,26,74483,17203051,0.14625844799875884,0.1962998840019357,1.6973764325277612,11.605322330113644,1.913587862313996,-1.4492601562886804,-0.12143258684871983,-0.1770799266484624,0.030484691473794623,-0.1962998840019357
catchup_1,6,2026-10-04 17:28:53,2026-10-04 18:13:47,25,74022,17096838,0.14334919844737753,0.18969673456826486,1.726368583753049,12.043098967077842,1.9380668830315173,-1.4847874362465205,-0.12318875020224196,-0.17310572508350397,0.032711763069020794,-0.18969673456826486
catchup_1,7,2026-10-04 17:29:32,2026-10-04 18:13:47,24,74002,17091378,0.14498579039612167,0.19062413038318787,1.7096311240020554,11.79171503173588,1.9243461177212566,-1.4637517479149906,-0.1256992198782254,-0.1759107504721129,0.03163973092726069,-0.19062413038318787
catchup_1,8,2026-10-04 17:30:44,2026-10-04 18:13:47,23,73014,16857008,0.14029117909611796,0.1831543444216553,1.6286561745242927,11.609113167467559,1.848462822488294,-1.3741277464307373,-0.12035157977736732,-0.17515069889802692,0.0043215470394923905,-0.1831543444216553
catchup_1,9,2026-10-04 17:31:19,2026-10-04 18:16:13,23,83828,19314944,0.1458139926773506,0.18427424237242146,1.4694260550944112,10.07740085922946,1.7034439062820113,-1.1902540573051326,-0.1339643603729752,-0.1815602274924264,-0.013391018739060456,-0.18427424237242146
catchup_1,10,2026-10-04 17:31:51,2026-10-04 18:16:13,22,83381,19208917,0.14785656228279875,0.18602852882477316,1.4426913966633352,9.757371430724614,1.6782422911776465,-1.1602671003332006,-0.13703728738278498,-0.18602852882477316,-0.010663016607096232,-0.18424635802979644
catchup_1,11,2026-10-04 17:32:52,2026-10-04 18:16:13,21,82851,19084839,0.14496126008915966,0.1821197669478532,1.409840082914759,9.725633469574042,1.6418709279068153,-1.131175483680849,-0.1333214839986967,-0.1814445772186275,-0.013809616060788343,-0.1821197669478532
catchup_1,12,2026-10-04 17:33:51,2026-10-04 18:16:13,20,81886,18857037,0.15110124046373866,0.1967323950649993,1.321168911029034,8.743600694304616,1.5651345475625007,-1.0204550117303626,-0.13552486448149148,-0.1967323950649993,-0.02974512089727277,-0.1826771553883828
catchup_1,13,2026-10-04 17:35:18,2026-10-04 18:16:13,19,80932,18636282,0.14747634105127247,0.1917979205264726,1.230115914737973,8.341106824112918,1.4697124557694607,-0.9307607773963085,-0.1365557186643933,-0.1917979205264726,-0.03678839629976993,-0.17380964288251666
catchup_1,14,2026-10-04 17:36:22,2026-10-04 18:16:13,18,79564,18317916,0.14401823265288285,0.18531806704881992,1.2136783263455144,8.427254688444615,1.4505280510311351,-0.917604780313134,-0.138190789338676,-0.18531806704881992,-0.04306985384606321,-0.16634456048443863
catchup_1,15,2026-10-04 17:37:10,2026-10-04 18:16:13,17,78170,17998530,0.13501223503163517,0.1755239876124799,1.1716573240919284,8.678156641265833,1.391944371764879,-0.8989174801440853,-0.12952397985711972,-0.1755239876124799,-0.03210228697035156,-0.15587663718084765
catchup_1,16,2026-10-04 17:38:41,2026-10-04 18:16:13,16,76983,17719704,0.1348440262843271,0.17343673446650776,1.0961227428242402,8.128819444422376,1.317722983113427,-0.8164412253479867,-0.12852380864892465,-0.17343673446650776,-0.04367622494266943,-0.15564498970734403
catchup_1,17,2026-10-04 17:39:37,2026-10-04 18:16:13,15,75993,17487450,0.13378880412056382,0.1697638244460622,1.0697223569356575,7.9956044451348625,1.29258363424087,-0.7860276015183061,-0.12578979173476323,-0.1697638244460622,-0.05705567832440028,-0.15394673821733412
catchup_1,18,2026-10-04 17:41:02,2026-10-04 18:16:13,14,74695,17183766,0.1293638622359653,0.1673308082744951,0.9981968393512176,7.716195404945959,1.210175098647838,-0.7268219113333174,-0.12384236742444132,-0.1673308082744951,-0.045410001806942546,-0.14677000980864774
catchup_1,19,2026-10-04 17:42:22,2026-10-04 18:19:31,14,84851,19499531,0.11947191526121057,0.1493520300925515,0.7938628965952123,6.644765800058777,0.9846192085432222,-0.5394085755239715,-0.11877834629262951,-0.1493520300925515,-0.03853452333541574,-0.13854573329865338
catchup_1,20,2026-10-04 17:43:58,2026-10-04 18:19:31,13,82207,18892815,0.11281162813274229,0.13826914254112443,0.6786813108476029,6.016058114585649,0.8557200010641708,-0.43469520720428534,-0.12182150782847234,-0.13826914254112443,-0.035761820662609356,-0.1251723228276745
catchup_1,21,2026-10-04 17:45:42,2026-10-04 18:19:31,12,79690,18304674,0.10847112455337231,0.12835915988135982,0.6028287740237264,5.557504603237606,0.773064551766538,-0.35941099090581474,-0.12313994896473268,-0.12835915988135982,-0.0473327054378645,-0.11482174657676886
catchup_1,22,2026-10-04 17:47:09,2026-10-04 18:19:31,11,76687,17598937,0.10423350377324536,0.1174621955948667,0.46464126078033646,4.457695884340026,0.6217488315271424,-0.21262970849275575,-0.1155209910390389,-0.1174621955948667,-0.0680168781433177,-0.10811905825716972
catchup_1,23,2026-10-04 17:48:38,2026-10-04 18:19:31,10,74724,17151346,0.09591841283230633,0.11250670884178149,0.41990360890250644,4.377716399838911,0.5620074040206475,-0.19179614011932244,-0.11250670884178149,-0.10618621102928882,-0.04940397855091172,-0.10211436547934866
catchup_1,24,2026-10-04 17:50:19,2026-10-04 18:23:12,10,84188,19338528,0.08366680750198852,0.09781985184637504,0.24156231838131276,2.8871941644907575,0.3411464618242306,-0.01799441325295703,-0.09587774599787924,-0.08546421780336022,-0.043990232923666106,-0.09781985184637504
catchup_1,25,2026-10-04 17:52:50,2026-10-04 18:23:12,9,81329,18668257,0.08349343469328517,0.09671323266490184,0.19129723421824085,2.291164987055271,0.2625941233652398,0.06506604347229228,-0.09671323266490184,-0.07934569263391333,-0.05651386342868836,-0.09508737811003193
catchup_1,26,2026-10-04 17:55:13,2026-10-04 18:23:12,8,76756,17617009,0.07039400009214912,0.08855471505101464,0.16538823172658967,2.3494648906169355,0.23172059318758897,0.031813536114178476,-0.08781032176650916,-0.05890521018215322,-0.028263882302083765,-0.08855471505101464
catchup_1,27,2026-10-04 17:57:12,2026-10-04 18:26:58,8,88895,20385352,0.06604322418071096,0.07717624530044043,0.3220334427450268,4.876101170709987,-0.16516837806140217,0.4244178169928716,-0.07124765010445833,-0.04372348590668773,-0.0671020576198762,-0.07717624530044043
catchup_1,28,2026-10-04 18:00:33,2026-10-04 18:26:58,7,84693,19415715,0.06019703226183887,0.07209447697479276,0.5205952116638227,8.648187329225653,-0.38845559118799144,0.6254126657570893,-0.06645764021704936,-0.0448018309615974,-0.05360312641565068,-0.07209447697479276
catchup_1,29,2026-10-04 18:10:48,2026-10-04 18:26:58,6,77036,17662245,0.04888956618201189,0.06387934653108385,0.5322627060490549,10.88704088859132,-0.43178935591848955,0.6165753227439623,-0.06387934653108385,-0.022851584230799027,-0.04035002236632579,-0.05770501369727499
catchup_1,30,2026-10-04 18:13:47,2026-10-04 18:32:24,6,88168,20271111,0.03112930024068247,0.044217829601517156,0.8201473653712322,26.346476118322524,-0.7811416153264048,0.8573804165339922,-0.04294570638718742,0.002554768113140593,0.00836996666797285,-0.044217829601517156
catchup_1,31,2026-10-04 18:16:13,2026-10-04 18:32:24,5,73278,16868984,0.021969528536371467,0.030963677734360928,1.0522345955607013,47.89518326798335,-1.047702974189363,1.0567467842696985,-0.014459742079335314,0.025298576013220053,0.01108103372013769,-0.030963677734360928
catchup_1,32,2026-10-04 18:19:31,2026-10-04 18:37:14,5,85197,19716285,0.032517592845605056,0.06356273297438353,1.1175142038143537,34.36644923627526,-1.1460207411484333,1.088261205920368,0.0035708430280028125,0.06356273297438353,0.003457521176594369,-0.012831561950914727
catchup_1,33,2026-10-04 18:23:12,2026-10-04 18:37:14,4,73091,16942028,0.03377011876707351,0.06467968369230803,1.0491807780773441,31.068317683866564,-1.0891987563272423,1.0075746520179791,0.014676736529141365,0.06467968369230803,0.010084942895894677,-0.007817258808092253
catchup_1,34,2026-10-04 18:26:58,2026-10-04 18:43:29,4,85448,19871589,0.04358650414471503,0.07697466617969884,1.210653488215307,27.775879529033112,-1.2776652050984865,1.1397084542708384,0.019746951216429665,0.07697466617969884,0.03534719576491341,0.005887937666603338
catchup_1,35,2026-10-04 18:32:24,2026-10-04 18:48:59,4,96727,22659211,0.055040191584452156,0.10108708690673884,1.487694203209306,27.02923373598053,-1.5713544683102398,1.399040106446769,0.03545984539253677,0.10108708690673884,0.018892792391789648,0.016874637172405893
catchup_1,36,2026-10-04 18:37:14,2026-10-04 18:48:59,3,76689,18003387,0.05756641177956678,0.10689119660226343,1.5641796456684665,27.171741251791424,-1.6442418728310457,1.479792077109522,0.03772941566569221,0.10689119660226343,-0.0003258204949685428,0.020155003948531536
catchup_2,1,2026-10-04 17:22:28,2026-10-04 18:16:13,31,87487,20173361,0.15059622549307045,0.2110953395527444,1.544696832399938,10.25720815606375,1.7528450756651495,-1.303729553538325,-0.11389689461226293,-0.17493292518345216,0.05080963722163556,-0.2110953395527444
catchup_2,2,2026-10-04 17:25:19,2026-10-04 18:16:13,30,87005,20059602,0.1527399720409513,0.20732142694742312,1.5573458439426133,10.196059506447149,1.7718320678241852,-1.3081526205762586,-0.11837688957200454,-0.18475614306648902,0.046775012337989974,-0.20732142694742312
catchup_2,3,2026-10-04 17:25:58,2026-10-04 18:16:13,29,86534,19952558,0.1487530895053365,0.20205742657015485,1.5888781443921502,10.681311895274279,1.7987216466202653,-1.3467248989432719,-0.11763965866537518,-0.17815883372813657,0.04585917128668271,-0.20205742657015485
catchup_2,4,2026-10-04 17:26:29,2026-10-04 18:16:13,28,86190,19872915,0.149970159629266,0.19965629912396288,1.5927254650820672,10.620282521665425,1.8083085294495191,-1.3429702441088907,-0.1252116523691571,-0.1810450087754667,0.04057467492795608,-0.19965629912396288
catchup_2,5,2026-10-04 17:27:41,2026-10-04 18:16:13,27,86067,19844408,0.148912087879216,0.19876507554433248,1.6016446868964096,10.755639180853597,1.8155171863252306,-1.3544108506227772,-0.12526450675339929,-0.1783233246594551,0.04124657125472808,-0.19876507554433248
catchup_2,6,2026-10-04 17:28:53,2026-10-04 18:19:31,27,97712,22512452,0.14449627756173197,0.192443990073773,1.4917787597591463,10.323994395785219,1.6995303537231976,-1.2499617245782275,-0.1297337594643495,-0.16746668137115606,0.040075801764305474,-0.192443990073773
catchup_2,7,2026-10-04 17:29:32,2026-10-04 18:19:31,26,97692,22506992,0.1460481618032385,0.19332826733601388,1.4755517191509069,10.10318583221078,1.6860858748360812,-1.2294796356412903,-0.1321530927121275,-0.17016439087989133,0.03903951173324138,-0.19332826733601388
catchup_2,8,2026-10-04 17:30:44,2026-10-04 18:19:31,25,96704,22272622,0.14070073918402903,0.18561607174620987,1.3906099671886034,9.883458859230014,1.6049786158423842,-1.1365015637372622,-0.12671033205888316,-0.16886751876084638,0.012716870460820484,-0.18561607174620987
catchup_2,9,2026-10-04 17:31:19,2026-10-04 18:19:31,24,95934,22089201,0.1441380707120496,0.1842525015369159,1.3301551070485382,9.228339886037759,1.5607430145307575,-1.0500983097824985,-0.1364050126831211,-0.17405134511910703,-0.01593584540911186,-0.1842525015369159
catchup_2,10,2026-10-04 17:31:51,2026-10-04 18:19:31,23,95487,21983174,0.1460154252571472,0.18411551855578212,1.3025052995852475,8.920326720902333,1.5343078848632956,-1.0192837805741988,-0.13935314732364068,-0.17829272031939825,-0.013262718090276238,-0.18411551855578212
catchup_2,11,2026-10-04 17:32:52,2026-10-04 18:19:31,22,94957,21859096,0.14308643698978257,0.18190044602916255,1.268535047395726,8.865515656709718,1.4966490890224406,-0.9891429812068893,-0.1356265008404942,-0.17362339320330644,-0.01635576774258185,-0.18190044602916255
catchup_2,12,2026-10-04 17:33:51,2026-10-04 18:19:31,21,93992,21631294,0.14883920123299954,0.18827481772942,1.1791475449416446,7.922291541297338,1.4178519902271347,-0.8777662554990187,-0.13763524140776662,-0.18827481772942,-0.03196808467128953,-0.18220759091963779
catchup_2,13,2026-10-04 17:35:18,2026-10-04 18:19:31,20,93038,21410539,0.14513139788890564,0.1831133667548981,1.087435861674171,7.492767777973001,1.321053192506767,-0.7873067820600639,-0.1384926676753837,-0.1831133667548981,-0.03883925405516697,-0.1733011219612599
catchup_2,14,2026-10-04 17:36:22,2026-10-04 18:19:31,19,91670,21092173,0.14152398424653542,0.1763046128417316,1.0669903917616843,7.539290230149133,1.2973619455623222,-0.770577039905973,-0.13986291186937283,-0.1763046128417316,-0.04492921853022169,-0.16568816241501738
catchup_2,15,2026-10-04 17:37:10,2026-10-04 18:19:31,18,90276,20772787,0.13239219005081984,0.1662832810795476,1.021254099673317,7.7138545656001325,1.2352449467346602,-0.7483914709332282,-0.13119222139971143,-0.1662832810795476,-0.034202496294923446,-0.15517547702725004
catchup_2,16,2026-10-04 17:38:41,2026-10-04 18:19:31,17,89089,20493961,0.13203951857494628,0.1638362435638001,0.9445789638789136,7.153759526491805,1.1586982608940204,-0.6647384284109776,-0.13002645410749425,-0.1638362435638001,-0.04541747411087238,-0.15467966070087374
catchup_2,17,2026-10-04 17:39:37,2026-10-04 18:19:31,16,88099,20261707,0.13087234898605166,0.1599206315823265,0.9160342604060349,6.9994484511290125,1.1306436021328636,-0.6323626945284531,-0.12721173341059355,-0.1599206315823265,-0.058346102433709746,-0.15280244017778155
catchup_2,18,2026-10-04 17:41:02,2026-10-04 18:19:31,15,86801,19958023,0.12622306497329694,0.1570996426822151,0.8427985106634572,6.677056295866014,1.0460601575802855,-0.5712939750042807,-0.1251142094710307,-0.1570996426822151,-0.046996425931672636,-0.14555590449109496
catchup_2,19,2026-10-04 17:42:22,2026-10-04 18:23:12,15,97282,22369938,0.11773586265963548,0.14242683265807798,0.6098005948173323,5.179395479355469,0.7903908849500851,-0.34495764938172613,-0.11592685906149613,-0.14242683265807798,-0.047588078546334955,-0.13949146530245465
catchup_2,20,2026-10-04 17:43:58,2026-10-04 18:23:12,14,94638,21763222,0.1108355742630732,0.13104805068907366,0.49395207018205384,4.456620299630843,0.6572617484985699,-0.23660999394547133,-0.1184131656901406,-0.13104805068907366,-0.045038342979301316,-0.12615219519458615
catchup_2,21,2026-10-04 17:45:42,2026-10-04 18:23:12,13,92121,21175081,0.10654389430823519,0.12087264473809789,0.41776470245678915,3.9210571865167734,0.5694911164024887,-0.15727225303996306,-0.11920353359101066,-0.12087264473809789,-0.05632092247232512,-0.11582176256109333
catchup_2,22,2026-10-04 17:47:09,2026-10-04 18:23:12,12,89118,20469344,0.10260131796406385,0.11129188873802409,0.2932151654873412,2.8578109063866015,0.41458428715318973,-0.00837468741024594,-0.11129188873802409,-0.1096799602083891,-0.07624768940608018,-0.1089900613904548
catchup_2,23,2026-10-04 17:48:38,2026-10-04 18:23:12,11,87155,20021753,0.09406976039752378,0.10802901382849628,0.24874765478866803,2.644289235323872,0.35139026566820064,0.01660339481419726,-0.10802901382849628,-0.09845218467668992,-0.05850492651392436,-0.10300753546328512
catchup_2,24,2026-10-04 17:50:19,2026-10-04 18:26:58,11,101307,23265667,0.07919501402252377,0.09604707100966375,0.16183771232819058,2.043534107868994,0.20493186262126528,0.1019108529344308,-0.08927470097557988,-0.07670912434852051,-0.04481181922193711,-0.09604707100966375
catchup_2,25,2026-10-04 17:52:50,2026-10-04 18:26:58,10,98448,22595396,0.07872413850199396,0.09301741899570415,0.15734802169826434,1.9987264985348676,0.12552942866187067,0.18373666592310656,-0.08946873530010357,-0.07033577711136951,-0.05644416317779788,-0.09301741899570415
catchup_2,26,2026-10-04 17:55:13,2026-10-04 18:26:58,9,93875,21544148,0.06570508755949492,0.08618253202831694,0.1280444905545366,1.9487758910387927,0.08828792913519834,0.1581013114802019,-0.08016180666786399,-0.050310718260448084,-0.029734183658770785,-0.08618253202831694
catchup_2,27,2026-10-04 17:57:12,2026-10-04 18:26:58,8,88895,20385352,0.06604322418071096,0.07717624530044043,0.3220334427450268,4.876101170709987,-0.16516837806140217,0.4244178169928716,-0.07124765010445833,-0.04372348590668773,-0.0671020576198762,-0.07717624530044043
catchup_2,28,2026-10-04 18:00:33,2026-10-04 18:32:24,8,104731,24071539,0.05021785515741368,0.06604386469093021,0.6298492325572341,12.542336397739387,-0.5261774644155892,0.7187192688714106,-0.05791763075623191,-0.03117098002594121,-0.037409328982717316,-0.06604386469093021
catchup_2,29,2026-10-04 18:10:48,2026-10-04 18:32:24,7,97074,22318069,0.03953830264143194,0.05415255409575748,0.6451340336705248,16.316685102068416,-0.5718392945207142,0.7109118539186525,-0.05415255409575748,-0.009697612938897038,-0.023515761906198307,-0.05170663045709173
catchup_2,30,2026-10-04 18:13:47,2026-10-04 18:32:24,6,88168,20271111,0.03112930024068247,0.044217829601517156,0.8201473653712322,26.346476118322524,-0.7811416153264048,0.8573804165339922,-0.04294570638718742,0.002554768113140593,0.00836996666797285,-0.044217829601517156
catchup_2,31,2026-10-04 18:16:13,2026-10-04 18:37:14,6,96781,22357642,0.02894043362039766,0.04870947056341324,1.0958793760822552,37.86672274702418,-1.1169086504021095,1.0744385885204437,-0.0068470567877558786,0.04870947056341324,0.021873657909726507,-0.02126600980372334
catchup_2,32,2026-10-04 18:19:31,2026-10-04 18:43:29,6,109985,25516253,0.03597524943620526,0.07075734678743961,1.3890234953755305,38.61053132761954,-1.4268282708373548,1.3501605930221032,0.006479340354699659,0.07075734678743961,0.007719507653877411,-0.008288516980765936
catchup_2,33,2026-10-04 18:23:12,2026-10-04 18:43:29,5,97879,22741996,0.037341600598709015,0.07151647749948165,1.3455230816504955,36.032817556755006,-1.393739684654058,1.2955131870918564,0.016184096064472797,0.07151647749948165,0.013796761965363835,-0.003270837967121465
catchup_2,34,2026-10-04 18:26:58,2026-10-04 18:43:29,4,85448,19871589,0.04358650414471503,0.07697466617969884,1.210653488215307,27.775879529033112,-1.2776652050984865,1.1397084542708384,0.019746951216429665,0.07697466617969884,0.03534719576491341,0.005887937666603338
catchup_2,35,2026-10-04 18:32:24,2026-10-04 18:48:59,4,96727,22659211,0.055040191584452156,0.10108708690673884,1.487694203209306,27.02923373598053,-1.5713544683102398,1.399040106446769,0.03545984539253677,0.10108708690673884,0.018892792391789648,0.016874637172405893
