uf,governor_source_status,governor_decision,candidate,party,field_classification,governor_votes,governor_pct_valid_reported,president_turnout,president_electorate,lula_votes,flavio_votes,governor_share_of_turnout_pct,lula_share_of_turnout_pct,flavio_share_of_turnout_pct,min_overlap_governor_candidate_x_lula,max_overlap_governor_candidate_x_lula,min_overlap_pct_of_governor_votes,max_overlap_pct_of_governor_votes,min_governor_voters_not_flavio,min_not_flavio_pct_of_governor_votes,candidate_minus_flavio_votes
PB,tse,eleito,LUCAS RIBEIRO,PP,centro-direita,1470252,64.3,2683988,3248531,1541127,831377,54.778635373928644,57.41929546629866,30.97543655187728,327391,1470252,22.26767928219108,100.0,638875,43.45343519342262,638875
SP,tse,eleito,TARCÍSIO,REPUBLICANOS,direita,14491874,62.65,26431992,34122892,9505413,12922023,54.82702173941336,35.961773142183155,48.887813676699054,0,9505413,0.0,65.59133070022553,1569851,10.832629375607324,1569851
MG,tse,eleito,CLEITINHO AZEVEDO,REPUBLICANOS,direita,6321590,55.4,12637274,16372372,5188936,5777548,50.02336738128808,41.06056416913964,45.71830918598425,0,5188936,0.0,82.08276715193487,544042,8.606094352844774,544042
PA,tse,eleito,DR. DANIEL,PODE,centro-direita,2345721,51.36,5066504,6262397,2427237,2163957,46.29861142910378,47.90753150495885,42.71104888104302,0,2345721,0.0,100.0,181764,7.748747613207197,181764
AL,provisorio,eleito,JHC,PSDB,centro-direita,891857,52.2,1938428,2442126,995459,735718,46.00929206552939,51.353932155334114,37.95436301993161,0,891857,0.0,100.0,156139,17.50717884145104,156139
MS,tse,eleito,EDUARDO RIEDEL,PP,centro-direita,914323,67.07,1541220,2024430,516855,873351,59.324625945679394,33.53544594541986,56.66621248102153,0,516855,0.0,56.52871031353253,40972,4.481129753927223,40972
RN,tse,segundo_turno,ALLYSON,UNIÃO,centro-direita,733809,36.94,2171013,2659825,1237963,720493,33.800304281918166,57.022366977995986,33.18695005511252,0,733809,0.0,100.0,13316,1.8146411395880944,13316
AC,tse,segundo_turno,MAILZA ASSIS,PP,centro-direita,218760,49.76,488330,613742,134770,302807,44.79757541007106,27.59814060164233,62.00868265312391,0,134770,0.0,61.60632656792832,0,0.0,-84047
AC,tse,segundo_turno,ALAN RICK,REPUBLICANOS,direita,141859,32.27,488330,613742,134770,302807,29.04982286568509,27.59814060164233,62.00868265312391,0,134770,0.0,95.002784454987,0,0.0,-160948
AM,provisorio,segundo_turno,PROFESSORA MARIA DO CARMO,PL,direita,507335,24.49,2234549,2798611,1046996,976764,22.704134033310524,46.85491345233423,43.71190786149688,0,507335,0.0,100.0,0,0.0,-469429
DF,tse,segundo_turno,CELINA LEÃO,PP,centro-direita,825530,49.93,1831396,2258320,675627,909616,45.07654270294355,36.89136593068894,49.66790361014221,0,675627,0.0,81.8416047872276,0,0.0,-84086
ES,tse,segundo_turno,LORENZO PAZOLINI,REPUBLICANOS,direita,1048633,49.65,2352282,2991650,850028,1233194,44.57939141650533,36.136313588251745,52.42543198477053,0,850028,0.0,81.06058077516157,0,0.0,-184561
MT,tse,eleito,OTAVIANO PIVETTA,REPUBLICANOS,direita,1128099,60.77,2052133,2637801,581681,1298581,54.97202179390907,28.345190102200977,63.27957301013141,0,581681,0.0,51.562939068290994,0,0.0,-170482
PR,tse,eleito,SERGIO MORO,PL,direita,3127911,50.1,6841457,8613657,2054597,3945345,45.719954097497066,30.031570760438896,57.6681984553875,0,2054597,0.0,65.68591625528987,0,0.0,-817434
RJ,tse,segundo_turno,DOUGLAS RUAS,PL,direita,4271199,49.27,9859802,12857648,3693021,4966844,43.31931817697759,37.455326182006495,50.3746829804493,0,3693021,0.0,86.46333266139087,0,0.0,-695645
RO,tse,eleito,MARCOS ROGÉRIO,PL,direita,537370,56.86,991080,1265893,250667,652988,54.22064818178149,25.29230738184607,65.88650764822214,0,250667,0.0,46.64700299607347,0,0.0,-115618
RR,tse,eleito,ARTHUR HENRIQUE,PL,direita,220809,69.13,332772,401521,74420,231322,66.35444087843929,22.363660404120537,69.51366100513265,0,74420,0.0,33.703336367629944,0,0.0,-10513
RS,tse,eleito,ZUCCO,PL,direita,3516048,58.05,6702903,8522545,2294759,3573783,52.45560020785024,34.235300734622,53.31694341988837,0,2294759,0.0,65.26529216893512,0,0.0,-57735
SC,tse,eleito,JORGINHO MELLO,PL,direita,2942386,68.98,4648159,5734651,1127168,3000020,63.302180497698124,24.24977286706414,64.54211226423193,0,1127168,0.0,38.307958235255335,0,0.0,-57634
TO,tse,segundo_turno,PROFESSORA DORINHA,UNIÃO,centro-direita,386260,45.52,965196,1182023,404009,469321,40.01881483139176,41.85771594577682,48.62442446922697,0,386260,0.0,100.0,0,0.0,-83061
