snapshot,uf,candidate,uf_votes,sum_municipal_votes,difference,uf_status
20261005T104314Z,AC,13,134770,134770,0,ok
20261005T104314Z,AC,14,7980,7980,0,ok
20261005T104314Z,AC,16,71,71,0,ok
20261005T104314Z,AC,21,140,140,0,ok
20261005T104314Z,AC,22,302807,302807,0,ok
20261005T104314Z,AC,27,215,215,0,ok
20261005T104314Z,AC,29,40,40,0,ok
20261005T104314Z,AC,30,573,573,0,ok
20261005T104314Z,AC,35,39,39,0,ok
20261005T104314Z,AC,55,8594,8594,0,ok
20261005T104314Z,AC,70,13523,13523,0,ok
20261005T104314Z,AC,80,314,314,0,ok
20261005T104314Z,AL,13,995459,995459,0,ok
20261005T104314Z,AL,14,26851,26851,0,ok
20261005T104314Z,AL,16,431,431,0,ok
20261005T104314Z,AL,21,267,267,0,ok
20261005T104314Z,AL,22,735718,735718,0,ok
20261005T104314Z,AL,27,636,636,0,ok
20261005T104314Z,AL,29,110,110,0,ok
20261005T104314Z,AL,30,1168,1168,0,ok
20261005T104314Z,AL,35,246,246,0,ok
20261005T104314Z,AL,55,14198,14198,0,ok
20261005T104314Z,AL,70,42427,42427,0,ok
20261005T104314Z,AL,80,1345,1345,0,ok
20261005T104314Z,AM,13,1046996,1046996,0,ok
20261005T104314Z,AM,14,35411,35411,0,ok
20261005T104314Z,AM,16,457,457,0,ok
20261005T104314Z,AM,21,265,265,0,ok
20261005T104314Z,AM,22,976764,976764,0,ok
20261005T104314Z,AM,27,929,929,0,ok
20261005T104314Z,AM,29,161,161,0,ok
20261005T104314Z,AM,30,1781,1781,0,ok
20261005T104314Z,AM,35,291,291,0,ok
20261005T104314Z,AM,55,28310,28310,0,ok
20261005T104314Z,AM,70,77531,77531,0,ok
20261005T104314Z,AM,80,1867,1867,0,ok
20261005T104314Z,AP,13,212503,212503,0,ok
20261005T104314Z,AP,14,11342,11342,0,ok
20261005T104314Z,AP,16,132,132,0,ok
20261005T104314Z,AP,21,62,62,0,ok
20261005T104314Z,AP,22,212278,212278,0,ok
20261005T104314Z,AP,27,229,229,0,ok
20261005T104314Z,AP,29,53,53,0,ok
20261005T104314Z,AP,30,341,341,0,ok
20261005T104314Z,AP,35,49,49,0,ok
20261005T104314Z,AP,55,8304,8304,0,ok
20261005T104314Z,AP,70,19057,19057,0,ok
20261005T104314Z,AP,80,508,508,0,ok
20261005T104314Z,BA,13,5664771,5663804,967,divergencia
20261005T104314Z,BA,14,117518,117509,9,divergencia
20261005T104314Z,BA,16,1791,1791,0,divergencia
20261005T104314Z,BA,21,1299,1298,1,divergencia
20261005T104314Z,BA,22,2442585,2442349,236,divergencia
20261005T104314Z,BA,27,1676,1676,0,divergencia
20261005T104314Z,BA,29,724,724,0,divergencia
20261005T104314Z,BA,30,6497,6497,0,divergencia
20261005T104314Z,BA,35,625,625,0,divergencia
20261005T104314Z,BA,55,122705,122692,13,divergencia
20261005T104314Z,BA,70,195451,195434,17,divergencia
20261005T104314Z,BA,80,4649,4648,1,divergencia
20261005T104314Z,CE,13,3555263,3555263,0,ok
20261005T104314Z,CE,14,107587,107587,0,ok
20261005T104314Z,CE,16,1491,1491,0,ok
20261005T104314Z,CE,21,783,783,0,ok
20261005T104314Z,CE,22,1756850,1756850,0,ok
20261005T104314Z,CE,27,1071,1071,0,ok
20261005T104314Z,CE,29,498,498,0,ok
20261005T104314Z,CE,30,4310,4310,0,ok
20261005T104314Z,CE,35,481,481,0,ok
20261005T104314Z,CE,55,45604,45604,0,ok
20261005T104314Z,CE,70,140524,140524,0,ok
20261005T104314Z,CE,80,3352,3352,0,ok
20261005T104314Z,DF,13,675627,675627,0,ok
20261005T104314Z,DF,14,46714,46714,0,ok
20261005T104314Z,DF,16,828,828,0,ok
20261005T104314Z,DF,21,334,334,0,ok
20261005T104314Z,DF,22,909616,909616,0,ok
20261005T104314Z,DF,27,716,716,0,ok
20261005T104314Z,DF,29,382,382,0,ok
20261005T104314Z,DF,30,4915,4915,0,ok
20261005T104314Z,DF,35,324,324,0,ok
20261005T104314Z,DF,55,85076,85076,0,ok
20261005T104314Z,DF,70,45979,45979,0,ok
20261005T104314Z,DF,80,2297,2297,0,ok
20261005T104314Z,ES,13,850028,850028,0,ok
20261005T104314Z,ES,14,53236,53236,0,ok
20261005T104314Z,ES,16,638,638,0,ok
20261005T104314Z,ES,21,388,388,0,ok
20261005T104314Z,ES,22,1233194,1233194,0,ok
20261005T104314Z,ES,27,974,974,0,ok
20261005T104314Z,ES,29,245,245,0,ok
20261005T104314Z,ES,30,5873,5873,0,ok
20261005T104314Z,ES,35,311,311,0,ok
20261005T104314Z,ES,55,39097,39097,0,ok
20261005T104314Z,ES,70,65121,65121,0,ok
20261005T104314Z,ES,80,1973,1973,0,ok
20261005T104314Z,GO,13,1188880,1188880,0,ok
20261005T104314Z,GO,14,54105,54105,0,ok
20261005T104314Z,GO,16,668,668,0,ok
20261005T104314Z,GO,21,468,468,0,ok
20261005T104314Z,GO,22,2051888,2051888,0,ok
20261005T104314Z,GO,27,559,559,0,ok
20261005T104314Z,GO,29,260,260,0,ok
20261005T104314Z,GO,30,2672,2672,0,ok
20261005T104314Z,GO,35,346,346,0,ok
20261005T104314Z,GO,55,472041,472041,0,ok
20261005T104314Z,GO,70,53849,53849,0,ok
20261005T104314Z,GO,80,2087,2087,0,ok
20261005T104314Z,MA,13,2566301,2566301,0,ok
20261005T104314Z,MA,14,60387,60387,0,ok
20261005T104314Z,MA,16,1459,1459,0,ok
20261005T104314Z,MA,21,475,475,0,ok
20261005T104314Z,MA,22,1239040,1239040,0,ok
20261005T104314Z,MA,27,895,895,0,ok
20261005T104314Z,MA,29,211,211,0,ok
20261005T104314Z,MA,30,4584,4584,0,ok
20261005T104314Z,MA,35,307,307,0,ok
20261005T104314Z,MA,55,50155,50155,0,ok
20261005T104314Z,MA,70,84830,84830,0,ok
20261005T104314Z,MA,80,1795,1795,0,ok
20261005T104314Z,MG,13,5188936,5184038,4898,divergencia
20261005T104314Z,MG,14,247209,247112,97,divergencia
20261005T104314Z,MG,16,4085,4082,3,divergencia
20261005T104314Z,MG,21,2300,2296,4,divergencia
20261005T104314Z,MG,22,5777548,5774948,2600,divergencia
20261005T104314Z,MG,27,3411,3408,3,divergencia
20261005T104314Z,MG,29,1421,1421,0,divergencia
20261005T104314Z,MG,30,98407,98376,31,divergencia
20261005T104314Z,MG,35,1732,1730,2,divergencia
20261005T104314Z,MG,55,230423,230332,91,divergencia
20261005T104314Z,MG,70,409737,409560,177,divergencia
20261005T104314Z,MG,80,11026,11024,2,divergencia
20261005T104314Z,MS,13,516855,516855,0,ok
20261005T104314Z,MS,14,31847,31847,0,ok
20261005T104314Z,MS,16,353,353,0,ok
20261005T104314Z,MS,21,332,332,0,ok
20261005T104314Z,MS,22,873351,873351,0,ok
20261005T104314Z,MS,27,626,626,0,ok
20261005T104314Z,MS,29,183,183,0,ok
20261005T104314Z,MS,30,2792,2792,0,ok
20261005T104314Z,MS,35,209,209,0,ok
20261005T104314Z,MS,55,23291,23291,0,ok
20261005T104314Z,MS,70,39148,39148,0,ok
20261005T104314Z,MS,80,1291,1291,0,ok
20261005T104314Z,MT,13,581681,581681,0,ok
20261005T104314Z,MT,14,33170,33170,0,ok
20261005T104314Z,MT,16,340,340,0,ok
20261005T104314Z,MT,21,239,239,0,ok
20261005T104314Z,MT,22,1298581,1298581,0,ok
20261005T104314Z,MT,27,1869,1869,0,ok
20261005T104314Z,MT,29,130,130,0,ok
20261005T104314Z,MT,30,2424,2424,0,ok
20261005T104314Z,MT,35,172,172,0,ok
20261005T104314Z,MT,55,33079,33079,0,ok
20261005T104314Z,MT,70,40019,40019,0,ok
20261005T104314Z,MT,80,1584,1584,0,ok
20261005T104314Z,PA,13,2427237,2427237,0,ok
20261005T104314Z,PA,14,84165,84165,0,ok
20261005T104314Z,PA,16,1045,1045,0,ok
20261005T104314Z,PA,21,674,674,0,ok
20261005T104314Z,PA,22,2163957,2163957,0,ok
20261005T104314Z,PA,27,1293,1293,0,ok
20261005T104314Z,PA,29,308,308,0,ok
20261005T104314Z,PA,30,3064,3064,0,ok
20261005T104314Z,PA,35,442,442,0,ok
20261005T104314Z,PA,55,51991,51991,0,ok
20261005T104314Z,PA,70,125172,125172,0,ok
20261005T104314Z,PA,80,3824,3824,0,ok
20261005T104314Z,PB,13,1541127,1541127,0,ok
20261005T104314Z,PB,14,42247,42247,0,ok
20261005T104314Z,PB,16,627,627,0,ok
20261005T104314Z,PB,21,347,347,0,ok
20261005T104314Z,PB,22,831377,831377,0,ok
20261005T104314Z,PB,27,604,604,0,ok
20261005T104314Z,PB,29,274,274,0,ok
20261005T104314Z,PB,30,1988,1988,0,ok
20261005T104314Z,PB,35,221,221,0,ok
20261005T104314Z,PB,55,19511,19511,0,ok
20261005T104314Z,PB,70,73831,73831,0,ok
20261005T104314Z,PB,80,1593,1593,0,ok
20261005T104314Z,PE,13,3553971,3553971,0,ok
20261005T104314Z,PE,14,85865,85865,0,ok
20261005T104314Z,PE,16,1114,1114,0,ok
20261005T104314Z,PE,21,705,705,0,ok
20261005T104314Z,PE,22,1738043,1738043,0,ok
20261005T104314Z,PE,27,869,869,0,ok
20261005T104314Z,PE,29,410,410,0,ok
20261005T104314Z,PE,30,6060,6060,0,ok
20261005T104314Z,PE,35,457,457,0,ok
20261005T104314Z,PE,55,73176,73176,0,ok
20261005T104314Z,PE,70,137960,137960,0,ok
20261005T104314Z,PE,80,2387,2387,0,ok
20261005T104314Z,PI,13,1523710,1523710,0,ok
20261005T104314Z,PI,14,32274,32274,0,ok
20261005T104314Z,PI,16,443,443,0,ok
20261005T104314Z,PI,21,319,319,0,ok
20261005T104314Z,PI,22,517028,517028,0,ok
20261005T104314Z,PI,27,504,504,0,ok
20261005T104314Z,PI,29,146,146,0,ok
20261005T104314Z,PI,30,1357,1357,0,ok
20261005T104314Z,PI,35,193,193,0,ok
20261005T104314Z,PI,55,21629,21629,0,ok
20261005T104314Z,PI,70,47692,47692,0,ok
20261005T104314Z,PI,80,1099,1099,0,ok
20261005T104314Z,PR,13,2054597,2054597,0,ok
20261005T104314Z,PR,14,177434,177434,0,ok
20261005T104314Z,PR,16,2056,2056,0,ok
20261005T104314Z,PR,21,1195,1195,0,ok
20261005T104314Z,PR,22,3945345,3945345,0,ok
20261005T104314Z,PR,27,2445,2445,0,ok
20261005T104314Z,PR,29,917,917,0,ok
20261005T104314Z,PR,30,17172,17172,0,ok
20261005T104314Z,PR,35,962,962,0,ok
20261005T104314Z,PR,55,171294,171294,0,ok
20261005T104314Z,PR,70,205095,205095,0,ok
20261005T104314Z,PR,80,6731,6731,0,ok
20261005T104314Z,RJ,13,3693021,3693021,0,ok
20261005T104314Z,RJ,14,211843,211843,0,ok
20261005T104314Z,RJ,16,3999,3999,0,ok
20261005T104314Z,RJ,21,2854,2854,0,ok
20261005T104314Z,RJ,22,4966844,4966844,0,ok
20261005T104314Z,RJ,27,4082,4082,0,ok
20261005T104314Z,RJ,29,1793,1793,0,ok
20261005T104314Z,RJ,30,21907,21907,0,ok
20261005T104314Z,RJ,35,1930,1930,0,ok
20261005T104314Z,RJ,55,199844,199844,0,ok
20261005T104314Z,RJ,70,247397,247397,0,ok
20261005T104314Z,RJ,80,14186,14186,0,ok
20261005T104314Z,RN,13,1237963,1237963,0,ok
20261005T104314Z,RN,14,35261,35261,0,ok
20261005T104314Z,RN,16,572,572,0,ok
20261005T104314Z,RN,21,315,315,0,ok
20261005T104314Z,RN,22,720493,720493,0,ok
20261005T104314Z,RN,27,405,405,0,ok
20261005T104314Z,RN,29,177,177,0,ok
20261005T104314Z,RN,30,1525,1525,0,ok
20261005T104314Z,RN,35,185,185,0,ok
20261005T104314Z,RN,55,16407,16407,0,ok
20261005T104314Z,RN,70,57367,57367,0,ok
20261005T104314Z,RN,80,1228,1228,0,ok
20261005T104314Z,RO,13,250667,250667,0,ok
20261005T104314Z,RO,14,19187,19187,0,ok
20261005T104314Z,RO,16,174,174,0,ok
20261005T104314Z,RO,21,160,160,0,ok
20261005T104314Z,RO,22,652988,652988,0,ok
20261005T104314Z,RO,27,356,356,0,ok
20261005T104314Z,RO,29,60,60,0,ok
20261005T104314Z,RO,30,1318,1318,0,ok
20261005T104314Z,RO,35,97,97,0,ok
20261005T104314Z,RO,55,16929,16929,0,ok
20261005T104314Z,RO,70,25280,25280,0,ok
20261005T104314Z,RO,80,843,843,0,ok
20261005T104314Z,RR,13,74420,74420,0,ok
20261005T104314Z,RR,14,6623,6623,0,ok
20261005T104314Z,RR,16,60,60,0,ok
20261005T104314Z,RR,21,42,42,0,ok
20261005T104314Z,RR,22,231322,231322,0,ok
20261005T104314Z,RR,27,168,168,0,ok
20261005T104314Z,RR,29,34,34,0,ok
20261005T104314Z,RR,30,337,337,0,ok
20261005T104314Z,RR,35,41,41,0,ok
20261005T104314Z,RR,55,3639,3639,0,ok
20261005T104314Z,RR,70,8579,8579,0,ok
20261005T104314Z,RR,80,280,280,0,ok
20261005T104314Z,RS,13,2294759,2294759,0,ok
20261005T104314Z,RS,14,167558,167558,0,ok
20261005T104314Z,RS,16,2146,2146,0,ok
20261005T104314Z,RS,21,1031,1031,0,ok
20261005T104314Z,RS,22,3573783,3573783,0,ok
20261005T104314Z,RS,27,2066,2066,0,ok
20261005T104314Z,RS,29,1043,1043,0,ok
20261005T104314Z,RS,30,18988,18988,0,ok
20261005T104314Z,RS,35,923,923,0,ok
20261005T104314Z,RS,55,158821,158821,0,ok
20261005T104314Z,RS,70,195296,195296,0,ok
20261005T104314Z,RS,80,6632,6632,0,ok
20261005T104314Z,SC,13,1127168,1127168,0,ok
20261005T104314Z,SC,14,132795,132795,0,ok
20261005T104314Z,SC,16,1503,1503,0,ok
20261005T104314Z,SC,21,828,828,0,ok
20261005T104314Z,SC,22,3000020,3000020,0,ok
20261005T104314Z,SC,27,1429,1429,0,ok
20261005T104314Z,SC,29,643,643,0,ok
20261005T104314Z,SC,30,16718,16718,0,ok
20261005T104314Z,SC,35,560,560,0,ok
20261005T104314Z,SC,55,79911,79911,0,ok
20261005T104314Z,SC,70,134273,134273,0,ok
20261005T104314Z,SC,80,5049,5049,0,ok
20261005T104314Z,SE,13,856019,856019,0,ok
20261005T104314Z,SE,14,21405,21405,0,ok
20261005T104314Z,SE,16,331,331,0,ok
20261005T104314Z,SE,21,204,204,0,ok
20261005T104314Z,SE,22,417839,417839,0,ok
20261005T104314Z,SE,27,457,457,0,ok
20261005T104314Z,SE,29,108,108,0,ok
20261005T104314Z,SE,30,1158,1158,0,ok
20261005T104314Z,SE,35,138,138,0,ok
20261005T104314Z,SE,55,26651,26651,0,ok
20261005T104314Z,SE,70,38895,38895,0,ok
20261005T104314Z,SE,80,991,991,0,ok
20261005T104314Z,SP,13,9505413,9505413,0,ok
20261005T104314Z,SP,14,804310,804310,0,ok
20261005T104314Z,SP,16,15815,15815,0,ok
20261005T104314Z,SP,21,6129,6129,0,ok
20261005T104314Z,SP,22,12922023,12922023,0,ok
20261005T104314Z,SP,27,10563,10563,0,ok
20261005T104314Z,SP,29,4429,4429,0,ok
20261005T104314Z,SP,30,94635,94635,0,ok
20261005T104314Z,SP,35,5160,5160,0,ok
20261005T104314Z,SP,55,579571,579571,0,ok
20261005T104314Z,SP,70,892368,892368,0,ok
20261005T104314Z,SP,80,42532,42532,0,ok
20261005T104314Z,TO,13,404009,404009,0,ok
20261005T104314Z,TO,14,12983,12983,0,ok
20261005T104314Z,TO,16,101,101,0,ok
20261005T104314Z,TO,21,117,117,0,ok
20261005T104314Z,TO,22,469321,469321,0,ok
20261005T104314Z,TO,27,171,171,0,ok
20261005T104314Z,TO,29,65,65,0,ok
20261005T104314Z,TO,30,595,595,0,ok
20261005T104314Z,TO,35,67,67,0,ok
20261005T104314Z,TO,55,20189,20189,0,ok
20261005T104314Z,TO,70,22434,22434,0,ok
20261005T104314Z,TO,80,395,395,0,ok
20261005T104314Z,ZZ,13,157387,157387,0,ok
20261005T104314Z,ZZ,14,8580,8580,0,ok
20261005T104314Z,ZZ,16,373,373,0,ok
20261005T104314Z,ZZ,21,421,421,0,ok
20261005T104314Z,ZZ,22,143900,143900,0,ok
20261005T104314Z,ZZ,27,825,825,0,ok
20261005T104314Z,ZZ,29,199,199,0,ok
20261005T104314Z,ZZ,30,3329,3329,0,ok
20261005T104314Z,ZZ,35,373,373,0,ok
20261005T104314Z,ZZ,55,4708,4708,0,ok
20261005T104314Z,ZZ,70,9734,9734,0,ok
20261005T104314Z,ZZ,80,1053,1053,0,ok
